id,category,item_name,title,condition,price,region,date
1052,전자기기,아이폰 14,아이폰 14 128GB 정리합니다,눈에 띄는 흔적 없음,595000,인천 부평구,2026-06-08
1161,전자기기,에어팟 프로 2,에어팟 프로 2 판매합니다,사용감 있음,161000,서울 마포구,2026-06-06
1223,전자기기,아이패드 9세대,아이패드 9세대 512GB 정리합니다,눈에 띄는 흔적 없음,225000,경기 수원시,2026-05-16
1082,전자기기,아이폰 15,아이폰 15 256GB 정리합니다,눈에 띄는 흔적 없음,751000,서울 마포구,2026-05-02
1356,전자기기,로지텍 MX 마스터 3,로지텍 MX 마스터 3 팝니다,눈에 띄는 흔적 없음,66500,대전 유성구,2026-06-03
1159,전자기기,에어팟 프로 2,에어팟 프로 2 거의새것 정리합니다,사용감 거의 없음,193000,서울 강서구,2026-06-06
1360,전자기기,로지텍 MX 마스터 3,로지텍 MX 마스터 3 정리합니다 (급처),사용감 있음,56900,서울 노원구,2026-06-04
1941,명품,프라다 사피아노 토트백,프라다 사피아노 토트백 정품 판매합니다,사용감 있음,1060000,서울 노원구,2026-05-20
1114,전자기기,갤럭시 S24,갤럭시 S24 512GB 정리합니다,눈에 띄는 흔적 없음,687000,서울 강남구,2026-05-27
1959,명품,디올 레이디백 미디움,디올 레이디백 미디움 보증서 O 판매합니다,미사용,5530000,경기 수원시,2026-05-23
1122,전자기기,갤럭시 S24,갤럭시 S24 256GB 팝니다,사용감 있음,497000,경기 안성시,2026-05-16
1324,전자기기,닌텐도 스위치 OLED,닌텐도 스위치 OLED 판매합니다,사용감 있음,224000,서울 송파구,2026-05-06
1540,화장품·향수,샤넬 No.5 오 드 퍼퓸 100ml,샤넬 No.5 오 드 퍼퓸 100ml 양도해요,사용감 있음,105000,서울 송파구,2026-05-27
1531,생활·레저,삼천리 하이브리드 자전거,삼천리 하이브리드 자전거 거의새것 판매합니다,미사용,187000,대구 수성구,2026-05-22
1033,전자기기,아이폰 14,아이폰 14 512GB 판매합니다,눈에 띄는 흔적 없음,654000,인천 부평구,2026-05-10
1494,생활·레저,스탠리 텀블러,스탠리 텀블러 내놓아요,사용감 심함,13400,대전 유성구,2026-05-18
1828,화장품·향수,랑콤 제니피끄 세럼 50ml,랑콤 제니피끄 세럼 50ml 양도해요,눈에 띄는 흔적 없음,97500,경기 안성시,2026-05-26
1636,화장품·향수,에스티로더 더블웨어 파운데이션,에스티로더 더블웨어 파운데이션 정리합니다,눈에 띄는 흔적 없음,43600,서울 송파구,2026-05-03
1435,가전,LG 스타일러,LG 스타일러 내놓아요 (에누리가능),사용감 있음,640000,대전 유성구,2026-05-21
1794,화장품·향수,나스 래디언트 크리미 컨실러,나스 래디언트 크리미 컨실러 정품 백화점 구매 양도해요,미사용,31400,광주 서구,2026-06-10
1211,전자기기,아이패드 9세대,아이패드 9세대 128GB 내놓아요 (에누리가능),눈에 띄는 흔적 없음,252000,대구 수성구,2026-06-11
2025,명품,발렌시아가 시티백,발렌시아가 시티백 정품 영수증 有 판매합니다,사용감 있음,733000,인천 부평구,2026-06-16
1485,생활·레저,스탠리 텀블러,스탠리 텀블러 내놓아요 (쿨거래시 네고),사용감 심함,17000,서울 노원구,2026-05-06
1222,전자기기,아이패드 9세대,아이패드 9세대 256GB S급 팝니다,미사용,264000,서울 강서구,2026-05-08
1059,전자기기,아이폰 15,아이폰 15 256GB 팝니다,눈에 띄는 흔적 없음,725000,광주 서구,2026-06-09
1440,가전,삼성 비스포크 큐브 냉장고,삼성 비스포크 큐브 냉장고 판매합니다,사용감 있음,224000,서울 송파구,2026-05-24
1918,명품,에르메스 가든파티 36,에르메스 가든파티 36 양도합니다,사용감 거의 없음,2960000,인천 부평구,2026-06-13
1555,화장품·향수,조 말론 우드세이지 앤 씨솔트 100ml,조 말론 우드세이지 앤 씨솔트 100ml 잔량 90%+ 양도해요,사용감 거의 없음,148000,광주 서구,2026-05-11
1338,전자기기,플레이스테이션 5,플레이스테이션 5 팝니다 (급처),눈에 띄는 흔적 없음,527000,부산 해운대구,2026-05-06
1805,화장품·향수,나스 래디언트 크리미 컨실러,나스 래디언트 크리미 컨실러 양도해요,눈에 띄는 흔적 없음,23400,서울 마포구,2026-05-28
1216,전자기기,아이패드 9세대,아이패드 9세대 128GB 내놓아요,눈에 띄는 흔적 없음,219000,대전 유성구,2026-06-07
1014,전자기기,아이폰 13,아이폰 13 256GB 내놓아요 (에누리가능),사용감 심함,319000,서울 송파구,2026-05-13
2056,명품,까르띠에 러브링,까르띠에 러브링 보증서 O 정리합니다,사용감 있음,1670000,경기 성남시,2026-05-20
2081,명품,티파니 1837 목걸이,티파니 1837 목걸이 감정 가능 판매합니다,미사용,524000,부산 해운대구,2026-05-25
2094,명품,티파니 1837 목걸이,티파니 1837 목걸이 보증서 O 정리합니다,사용감 거의 없음,478000,부산 해운대구,2026-05-21
1072,전자기기,아이폰 15,아이폰 15 512GB 판매합니다,사용감 있음,684000,경기 성남시,2026-05-17
1077,전자기기,아이폰 15,아이폰 15 512GB 팝니다 (쿨거래시 네고),눈에 띄는 흔적 없음,778000,광주 서구,2026-05-18
1541,화장품·향수,샤넬 No.5 오 드 퍼퓸 100ml,샤넬 No.5 오 드 퍼퓸 100ml 정품 백화점 구매 양도해요,미사용,148000,경기 용인시,2026-05-06
2075,명품,티파니 1837 목걸이,티파니 1837 목걸이 보증서 O 양도합니다,눈에 띄는 흔적 없음,469000,서울 강남구,2026-05-28
1536,화장품·향수,샤넬 No.5 오 드 퍼퓸 100ml,샤넬 No.5 오 드 퍼퓸 100ml 정리합니다,사용감 있음,120000,대구 수성구,2026-05-18
1482,생활·레저,스탠리 텀블러,스탠리 텀블러 팝니다 (급처),눈에 띄는 흔적 없음,26800,경기 용인시,2026-05-06
1537,화장품·향수,샤넬 No.5 오 드 퍼퓸 100ml,샤넬 No.5 오 드 퍼퓸 100ml 선물받은 새것 양도해요,미사용,160000,경기 안성시,2026-06-04
2069,명품,티파니 1837 목걸이,티파니 1837 목걸이 정품 영수증 有 판매합니다,사용감 있음,352000,서울 마포구,2026-05-17
1751,화장품·향수,입생로랑 루쥬 볼립테 립스틱,입생로랑 루쥬 볼립테 립스틱 판매해요,사용감 있음,22500,대전 유성구,2026-06-01
1259,전자기기,맥북 에어 M2,맥북 에어 M2 거의새것 정리합니다,사용감 거의 없음,982000,부산 해운대구,2026-06-11
1277,전자기기,맥북 에어 M2,맥북 에어 M2 거의새것 팝니다,미사용,1050000,경기 용인시,2026-05-10
1846,명품,루이비통 네버풀 MM,루이비통 네버풀 MM 감정 가능 정리합니다,사용감 있음,1200000,서울 노원구,2026-06-08
1690,화장품·향수,헤라 블랙쿠션,헤라 블랙쿠션 판매해요,눈에 띄는 흔적 없음,33200,경기 성남시,2026-05-10
1134,전자기기,갤럭시 Z플립5,갤럭시 Z플립5 256GB 판매합니다,눈에 띄는 흔적 없음,595000,광주 서구,2026-06-09
1304,전자기기,애플워치 SE 2세대,애플워치 SE 2세대 판매합니다,눈에 띄는 흔적 없음,216000,서울 노원구,2026-05-12
2050,명품,까르띠에 러브링,까르띠에 러브링 풀구성 양도합니다,눈에 띄는 흔적 없음,1790000,서울 강남구,2026-05-03
1413,가전,발뮤다 토스터,발뮤다 토스터 내놓아요 (택포),눈에 띄는 흔적 없음,176000,경기 성남시,2026-06-11
1084,전자기기,아이폰 15,아이폰 15 256GB 내놓아요 (직거래 환영),눈에 띄는 흔적 없음,822000,서울 마포구,2026-05-03
1683,화장품·향수,헤라 블랙쿠션,헤라 블랙쿠션 양도해요,눈에 띄는 흔적 없음,33200,서울 강서구,2026-05-19
1740,화장품·향수,입생로랑 루쥬 볼립테 립스틱,입생로랑 루쥬 볼립테 립스틱 정품 백화점 구매 판매해요,사용감 거의 없음,32400,인천 부평구,2026-05-29
1448,가전,삼성 비스포크 큐브 냉장고,삼성 비스포크 큐브 냉장고 내놓아요 (에누리가능),사용감 있음,204000,경기 용인시,2026-05-28
1914,명품,에르메스 가든파티 36,에르메스 가든파티 36 정품 정리합니다,사용감 거의 없음,3090000,부산 해운대구,2026-05-19
1427,가전,LG 스타일러,LG 스타일러 정리합니다,눈에 띄는 흔적 없음,710000,경기 성남시,2026-05-04
1305,전자기기,애플워치 SE 2세대,애플워치 SE 2세대 판매합니다,눈에 띄는 흔적 없음,228000,대구 수성구,2026-05-23
1927,명품,프라다 사피아노 토트백,프라다 사피아노 토트백 정리합니다,사용감 있음,1470000,경기 성남시,2026-05-16
1086,전자기기,갤럭시 S23,갤럭시 S23 128GB 팝니다 (택포),사용감 있음,419000,서울 송파구,2026-05-29
1947,명품,디올 레이디백 미디움,디올 레이디백 미디움 감정 가능 정리합니다,미사용,5090000,서울 송파구,2026-05-02
1460,생활·레저,헬리녹스 체어원,헬리녹스 체어원 정리합니다 (직거래 환영),눈에 띄는 흔적 없음,96900,서울 송파구,2026-05-28
1692,화장품·향수,헤라 블랙쿠션,헤라 블랙쿠션 정리합니다,사용감 있음,31600,대전 유성구,2026-05-03
1627,화장품·향수,에스티로더 더블웨어 파운데이션,에스티로더 더블웨어 파운데이션 양도해요,눈에 띄는 흔적 없음,43900,대전 유성구,2026-05-02
1270,전자기기,맥북 에어 M2,맥북 에어 M2 내놓아요 (직거래 환영),사용감 있음,849000,광주 서구,2026-05-09
1542,화장품·향수,샤넬 No.5 오 드 퍼퓸 100ml,샤넬 No.5 오 드 퍼퓸 100ml 양도해요,눈에 띄는 흔적 없음,136000,부산 해운대구,2026-05-17
1392,가전,다이슨 청소기 V11,다이슨 청소기 V11 S급 판매합니다,미사용,352000,경기 용인시,2026-05-19
1823,화장품·향수,랑콤 제니피끄 세럼 50ml,랑콤 제니피끄 세럼 50ml 미개봉 정리합니다,미사용,98400,부산 해운대구,2026-05-24
1618,화장품·향수,디올 어딕트 립 글로우,디올 어딕트 립 글로우 1~2회 사용 양도해요,사용감 거의 없음,40900,경기 수원시,2026-05-13
1089,전자기기,갤럭시 S23,갤럭시 S23 128GB 판매합니다 (급처),눈에 띄는 흔적 없음,492000,대전 유성구,2026-05-17
1376,가전,다이슨 청소기 V11,다이슨 청소기 V11 정리합니다,사용감 있음,298000,서울 노원구,2026-06-12
1619,화장품·향수,디올 어딕트 립 글로우,디올 어딕트 립 글로우 미개봉 판매해요,사용감 거의 없음,32100,경기 용인시,2026-06-06
1527,생활·레저,삼천리 하이브리드 자전거,삼천리 하이브리드 자전거 판매합니다 (급처),사용감 있음,121000,서울 송파구,2026-05-26
1051,전자기기,아이폰 14,아이폰 14 512GB 내놓아요,사용감 심함,421000,광주 서구,2026-06-09
1109,전자기기,갤럭시 S23,갤럭시 S23 256GB 정리합니다 (쿨거래시 네고),눈에 띄는 흔적 없음,495000,서울 노원구,2026-06-07
1552,화장품·향수,조 말론 우드세이지 앤 씨솔트 100ml,조 말론 우드세이지 앤 씨솔트 100ml 판매해요,사용감 있음,106000,광주 서구,2026-06-02
1138,전자기기,갤럭시 Z플립5,갤럭시 Z플립5 128GB 판매합니다,눈에 띄는 흔적 없음,488000,서울 노원구,2026-05-14
1954,명품,디올 레이디백 미디움,디올 레이디백 미디움 더스트백 포함 판매합니다,사용감 거의 없음,4820000,경기 안성시,2026-06-10
2091,명품,티파니 1837 목걸이,티파니 1837 목걸이 정품 양도합니다,눈에 띄는 흔적 없음,424000,경기 수원시,2026-06-14
1027,전자기기,아이폰 14,아이폰 14 128GB 판매합니다,사용감 심함,408000,대구 수성구,2026-05-12
1354,전자기기,플레이스테이션 5,플레이스테이션 5 S급 팝니다 (급처),사용감 거의 없음,557000,서울 마포구,2026-05-17
1353,전자기기,플레이스테이션 5,플레이스테이션 5 S급 정리합니다 (택포),미사용,543000,경기 용인시,2026-05-10
1518,생활·레저,삼천리 하이브리드 자전거,삼천리 하이브리드 자전거 팝니다,눈에 띄는 흔적 없음,159000,서울 노원구,2026-06-02
1415,가전,LG 스타일러,LG 스타일러 내놓아요,사용감 심함,514000,서울 마포구,2026-05-23
1621,화장품·향수,디올 어딕트 립 글로우,디올 어딕트 립 글로우 양도해요,눈에 띄는 흔적 없음,38100,서울 마포구,2026-06-15
1799,화장품·향수,나스 래디언트 크리미 컨실러,나스 래디언트 크리미 컨실러 판매해요,눈에 띄는 흔적 없음,25300,경기 안성시,2026-05-02
1876,명품,샤넬 클래식 미디움 플랩백,샤넬 클래식 미디움 플랩백 판매합니다,사용감 심함,6490000,광주 서구,2026-05-05
1454,가전,삼성 비스포크 큐브 냉장고,삼성 비스포크 큐브 냉장고 팝니다,사용감 있음,217000,광주 서구,2026-05-02
1367,전자기기,로지텍 MX 마스터 3,로지텍 MX 마스터 3 팝니다 (에누리가능),사용감 있음,62600,서울 마포구,2026-06-13
1403,가전,발뮤다 토스터,발뮤다 토스터 정리합니다,사용감 심함,125000,서울 송파구,2026-06-04
1534,생활·레저,삼천리 하이브리드 자전거,삼천리 하이브리드 자전거 S급 정리합니다,사용감 거의 없음,171000,경기 용인시,2026-05-25
1406,가전,발뮤다 토스터,발뮤다 토스터 팝니다,사용감 있음,142000,경기 용인시,2026-05-02
1707,화장품·향수,SK-II 페이셜 트리트먼트 에센스 230ml,SK-II 페이셜 트리트먼트 에센스 230ml 정리합니다,눈에 띄는 흔적 없음,158000,서울 강남구,2026-06-09
1400,가전,발뮤다 토스터,발뮤다 토스터 팝니다 (급처),눈에 띄는 흔적 없음,173000,서울 노원구,2026-06-01
1902,명품,에르메스 가든파티 36,에르메스 가든파티 36 풀구성 판매합니다,사용감 심함,1780000,경기 용인시,2026-06-09
2043,명품,롤렉스 데이트저스트 36,롤렉스 데이트저스트 36 보증서 O 양도합니다,사용감 거의 없음,11120000,서울 강서구,2026-05-19
1461,생활·레저,헬리녹스 체어원,헬리녹스 체어원 팝니다 (직거래 환영),사용감 심함,60100,서울 노원구,2026-05-18
1839,명품,루이비통 네버풀 MM,루이비통 네버풀 MM 풀구성 양도합니다,눈에 띄는 흔적 없음,1420000,광주 서구,2026-06-16
1980,명품,셀린느 트리오페백,셀린느 트리오페백 정품 정리합니다,눈에 띄는 흔적 없음,2330000,경기 성남시,2026-05-11
1189,전자기기,갤럭시 버즈3,갤럭시 버즈3 팝니다 (급처),눈에 띄는 흔적 없음,98200,대전 유성구,2026-05-02
1132,전자기기,갤럭시 Z플립5,갤럭시 Z플립5 128GB 정리합니다,눈에 띄는 흔적 없음,630000,경기 수원시,2026-05-06
1732,화장품·향수,SK-II 페이셜 트리트먼트 에센스 230ml,SK-II 페이셜 트리트먼트 에센스 230ml 판매해요,사용감 있음,122000,서울 송파구,2026-05-17
1429,가전,LG 스타일러,LG 스타일러 판매합니다,눈에 띄는 흔적 없음,716000,부산 해운대구,2026-06-07
1510,생활·레저,스탠리 텀블러,스탠리 텀블러 판매합니다 (에누리가능),사용감 있음,22200,서울 마포구,2026-05-13
1496,생활·레저,스탠리 텀블러,스탠리 텀블러 내놓아요,눈에 띄는 흔적 없음,26700,서울 강남구,2026-05-29
1499,생활·레저,스탠리 텀블러,스탠리 텀블러 정리합니다,사용감 심함,18200,대구 수성구,2026-05-19
1508,생활·레저,스탠리 텀블러,스탠리 텀블러 판매합니다 (직거래 환영),사용감 있음,20600,서울 강남구,2026-06-16
1774,화장품·향수,톰포드 립스틱,톰포드 립스틱 판매해요,눈에 띄는 흔적 없음,52100,경기 수원시,2026-06-12
1966,명품,셀린느 트리오페백,셀린느 트리오페백 정품 정리합니다,눈에 띄는 흔적 없음,2170000,서울 강남구,2026-05-29
1261,전자기기,맥북 에어 M2,맥북 에어 M2 S급 정리합니다 (급처),사용감 거의 없음,944000,대구 수성구,2026-06-12
1380,가전,다이슨 청소기 V11,다이슨 청소기 V11 판매합니다 (직거래 환영),사용감 있음,251000,인천 부평구,2026-05-28
1142,전자기기,갤럭시 Z플립5,갤럭시 Z플립5 256GB 미개봉급 내놓아요,사용감 거의 없음,669000,대전 유성구,2026-05-02
1426,가전,LG 스타일러,LG 스타일러 거의새것 팝니다,미사용,859000,경기 용인시,2026-05-21
2096,명품,티파니 1837 목걸이,티파니 1837 목걸이 정품 영수증 有 정리합니다,눈에 띄는 흔적 없음,450000,대전 유성구,2026-05-27
1564,화장품·향수,조 말론 우드세이지 앤 씨솔트 100ml,조 말론 우드세이지 앤 씨솔트 100ml 정리합니다,사용감 심함,89500,서울 강남구,2026-05-11
1240,전자기기,아이패드 에어 5,아이패드 에어 5 128GB 내놓아요,사용감 있음,445000,서울 마포구,2026-05-29
1861,명품,샤넬 클래식 미디움 플랩백,샤넬 클래식 미디움 플랩백 감정 가능 정리합니다,눈에 띄는 흔적 없음,9320000,대구 수성구,2026-05-22
1643,화장품·향수,맥 립스틱 루비우,맥 립스틱 루비우 정리합니다,눈에 띄는 흔적 없음,18400,경기 고양시,2026-06-06
1436,가전,LG 스타일러,LG 스타일러 정리합니다 (택포),눈에 띄는 흔적 없음,649000,경기 고양시,2026-06-07
1424,가전,LG 스타일러,LG 스타일러 미개봉급 팝니다 (택포),미사용,841000,부산 해운대구,2026-05-23
1123,전자기기,갤럭시 S24,갤럭시 S24 512GB S급 판매합니다,사용감 거의 없음,680000,광주 서구,2026-05-05
1758,화장품·향수,톰포드 립스틱,톰포드 립스틱 판매해요,눈에 띄는 흔적 없음,44700,경기 수원시,2026-05-12
1220,전자기기,아이패드 9세대,아이패드 9세대 256GB 거의새것 내놓아요,사용감 거의 없음,256000,서울 송파구,2026-05-02
2051,명품,까르띠에 러브링,까르띠에 러브링 양도합니다,사용감 있음,1660000,서울 강남구,2026-05-11
1958,명품,디올 레이디백 미디움,디올 레이디백 미디움 감정 가능 판매합니다,사용감 거의 없음,4900000,경기 용인시,2026-06-08
2060,명품,까르띠에 러브링,까르띠에 러브링 더스트백 포함 판매합니다,사용감 거의 없음,2140000,대전 유성구,2026-05-17
1302,전자기기,애플워치 SE 2세대,애플워치 SE 2세대 내놓아요 (급처),사용감 있음,202000,경기 수원시,2026-05-27
1686,화장품·향수,헤라 블랙쿠션,헤라 블랙쿠션 양도해요,사용감 있음,32300,인천 부평구,2026-05-19
1637,화장품·향수,에스티로더 더블웨어 파운데이션,에스티로더 더블웨어 파운데이션 양도해요,눈에 띄는 흔적 없음,45100,대구 수성구,2026-05-11
1733,화장품·향수,입생로랑 루쥬 볼립테 립스틱,입생로랑 루쥬 볼립테 립스틱 정품 백화점 구매 판매해요,사용감 거의 없음,32200,경기 고양시,2026-05-30
1192,전자기기,갤럭시 버즈3,갤럭시 버즈3 내놓아요,사용감 있음,88500,경기 안성시,2026-06-15
1743,화장품·향수,입생로랑 루쥬 볼립테 립스틱,입생로랑 루쥬 볼립테 립스틱 정리합니다,눈에 띄는 흔적 없음,30000,서울 강서구,2026-05-10
1755,화장품·향수,톰포드 립스틱,톰포드 립스틱 판매해요,눈에 띄는 흔적 없음,44900,광주 서구,2026-06-05
1146,전자기기,갤럭시 Z플립5,갤럭시 Z플립5 256GB 거의새것 판매합니다 (에누리가능),사용감 거의 없음,603000,경기 용인시,2026-05-12
1622,화장품·향수,에스티로더 더블웨어 파운데이션,에스티로더 더블웨어 파운데이션 정리합니다,사용감 있음,41800,광주 서구,2026-05-11
1956,명품,디올 레이디백 미디움,디올 레이디백 미디움 감정 가능 양도합니다,사용감 거의 없음,5100000,경기 안성시,2026-05-30
2049,명품,까르띠에 러브링,까르띠에 러브링 풀구성 판매합니다,눈에 띄는 흔적 없음,1960000,부산 해운대구,2026-06-04
1680,화장품·향수,설화수 자음생크림,설화수 자음생크림 선물받은 새것 정리합니다,사용감 거의 없음,135000,대구 수성구,2026-06-05
1157,전자기기,에어팟 프로 2,에어팟 프로 2 거의새것 내놓아요 (급처),사용감 거의 없음,192000,인천 부평구,2026-05-15
1039,전자기기,아이폰 14,아이폰 14 512GB 거의새것 내놓아요,사용감 거의 없음,667000,경기 수원시,2026-06-03
1657,화장품·향수,맥 립스틱 루비우,맥 립스틱 루비우 정리합니다,사용감 있음,15600,경기 수원시,2026-05-17
1682,화장품·향수,설화수 자음생크림,설화수 자음생크림 정리합니다,사용감 있음,102000,인천 부평구,2026-06-05
1466,생활·레저,헬리녹스 체어원,헬리녹스 체어원 팝니다 (쿨거래시 네고),사용감 있음,73500,대전 유성구,2026-05-28
1982,명품,셀린느 트리오페백,셀린느 트리오페백 보증서 O 정리합니다,사용감 있음,2030000,서울 송파구,2026-05-21
1391,가전,다이슨 청소기 V11,다이슨 청소기 V11 내놓아요,사용감 있음,296000,서울 마포구,2026-05-10
1897,명품,구찌 마몽 숄더백,구찌 마몽 숄더백 감정 가능 양도합니다,사용감 있음,1060000,경기 고양시,2026-06-01
1863,명품,샤넬 클래식 미디움 플랩백,샤넬 클래식 미디움 플랩백 감정 가능 정리합니다,사용감 있음,7090000,서울 송파구,2026-05-08
1575,화장품·향수,디올 소바쥬 오 드 뚜왈렛 100ml,디올 소바쥬 오 드 뚜왈렛 100ml 양도해요,눈에 띄는 흔적 없음,86900,대전 유성구,2026-06-11
1577,화장품·향수,디올 소바쥬 오 드 뚜왈렛 100ml,디올 소바쥬 오 드 뚜왈렛 100ml 잔량 90%+ 정리합니다,미사용,108000,서울 노원구,2026-05-23
1791,화장품·향수,나스 래디언트 크리미 컨실러,나스 래디언트 크리미 컨실러 정리합니다,눈에 띄는 흔적 없음,23800,경기 용인시,2026-05-10
1556,화장품·향수,조 말론 우드세이지 앤 씨솔트 100ml,조 말론 우드세이지 앤 씨솔트 100ml 정리합니다,눈에 띄는 흔적 없음,133000,경기 수원시,2026-06-12
2057,명품,까르띠에 러브링,까르띠에 러브링 양도합니다,눈에 띄는 흔적 없음,1900000,서울 강서구,2026-05-10
1041,전자기기,아이폰 14,아이폰 14 256GB 판매합니다 (직거래 환영),사용감 심함,387000,대구 수성구,2026-05-02
1331,전자기기,플레이스테이션 5,플레이스테이션 5 S급 정리합니다 (직거래 환영),사용감 거의 없음,505000,대전 유성구,2026-05-03
1472,생활·레저,헬리녹스 체어원,헬리녹스 체어원 판매합니다 (급처),눈에 띄는 흔적 없음,85300,광주 서구,2026-05-07
1276,전자기기,맥북 에어 M2,맥북 에어 M2 내놓아요 (쿨거래시 네고),눈에 띄는 흔적 없음,966000,대전 유성구,2026-06-13
1587,화장품·향수,디올 소바쥬 오 드 뚜왈렛 100ml,디올 소바쥬 오 드 뚜왈렛 100ml 정리합니다,사용감 심함,60700,대전 유성구,2026-05-29
1705,화장품·향수,헤라 블랙쿠션,헤라 블랙쿠션 정리합니다,사용감 있음,31500,경기 용인시,2026-05-25
1399,가전,발뮤다 토스터,발뮤다 토스터 S급 정리합니다,사용감 거의 없음,187000,서울 노원구,2026-05-30
1712,화장품·향수,SK-II 페이셜 트리트먼트 에센스 230ml,SK-II 페이셜 트리트먼트 에센스 230ml 판매해요,눈에 띄는 흔적 없음,124000,서울 노원구,2026-05-29
1940,명품,프라다 사피아노 토트백,프라다 사피아노 토트백 정품 양도합니다,사용감 있음,1290000,경기 고양시,2026-06-08
1497,생활·레저,스탠리 텀블러,스탠리 텀블러 판매합니다 (직거래 환영),사용감 심함,17100,경기 성남시,2026-05-21
1768,화장품·향수,톰포드 립스틱,톰포드 립스틱 선물받은 새것 양도해요,사용감 거의 없음,55100,서울 노원구,2026-05-15
1176,전자기기,에어팟 4,에어팟 4 S급 판매합니다,사용감 거의 없음,143000,서울 강서구,2026-05-29
1644,화장품·향수,맥 립스틱 루비우,맥 립스틱 루비우 양도해요,사용감 있음,16400,광주 서구,2026-06-11
1704,화장품·향수,헤라 블랙쿠션,헤라 블랙쿠션 양도해요,사용감 있음,29600,대전 유성구,2026-05-27
1328,전자기기,닌텐도 스위치 OLED,닌텐도 스위치 OLED S급 정리합니다 (에누리가능),사용감 거의 없음,326000,대구 수성구,2026-05-27
2054,명품,까르띠에 러브링,까르띠에 러브링 정품 정리합니다,사용감 있음,1760000,서울 강남구,2026-05-16
1778,화장품·향수,나스 래디언트 크리미 컨실러,나스 래디언트 크리미 컨실러 양도해요,사용감 심함,16300,서울 노원구,2026-06-09
1963,명품,셀린느 트리오페백,셀린느 트리오페백 판매합니다,미사용,2470000,부산 해운대구,2026-05-28
1977,명품,셀린느 트리오페백,셀린느 트리오페백 정품 영수증 有 정리합니다,사용감 거의 없음,2470000,부산 해운대구,2026-05-21
2058,명품,까르띠에 러브링,까르띠에 러브링 정리합니다,눈에 띄는 흔적 없음,2040000,경기 고양시,2026-06-08
1580,화장품·향수,디올 소바쥬 오 드 뚜왈렛 100ml,디올 소바쥬 오 드 뚜왈렛 100ml 판매해요,사용감 있음,76100,경기 안성시,2026-05-17
1517,생활·레저,삼천리 하이브리드 자전거,삼천리 하이브리드 자전거 미개봉급 정리합니다,미사용,193000,대구 수성구,2026-05-05
1398,가전,발뮤다 토스터,발뮤다 토스터 내놓아요 (직거래 환영),사용감 있음,154000,서울 강남구,2026-05-25
1365,전자기기,로지텍 MX 마스터 3,로지텍 MX 마스터 3 팝니다 (택포),사용감 있음,59300,서울 마포구,2026-05-07
1445,가전,삼성 비스포크 큐브 냉장고,삼성 비스포크 큐브 냉장고 판매합니다 (쿨거래시 네고),사용감 있음,222000,서울 노원구,2026-05-23
1703,화장품·향수,헤라 블랙쿠션,헤라 블랙쿠션 선물받은 새것 판매해요,사용감 거의 없음,35300,서울 마포구,2026-05-27
1163,전자기기,에어팟 프로 2,에어팟 프로 2 S급 팝니다,사용감 거의 없음,200000,광주 서구,2026-05-06
1479,생활·레저,헬리녹스 체어원,헬리녹스 체어원 내놓아요 (급처),사용감 있음,82400,서울 마포구,2026-05-24
1418,가전,LG 스타일러,LG 스타일러 내놓아요,사용감 있음,606000,대전 유성구,2026-06-11
1249,전자기기,맥북 에어 M2,맥북 에어 M2 팝니다,눈에 띄는 흔적 없음,921000,광주 서구,2026-05-26
1212,전자기기,아이패드 9세대,아이패드 9세대 256GB 판매합니다 (쿨거래시 네고),눈에 띄는 흔적 없음,229000,경기 안성시,2026-06-08
1952,명품,디올 레이디백 미디움,디올 레이디백 미디움 양도합니다,눈에 띄는 흔적 없음,4830000,서울 송파구,2026-05-17
1970,명품,셀린느 트리오페백,셀린느 트리오페백 풀구성 양도합니다,사용감 거의 없음,2040000,서울 강남구,2026-05-20
1736,화장품·향수,입생로랑 루쥬 볼립테 립스틱,입생로랑 루쥬 볼립테 립스틱 양도해요,사용감 있음,26300,대전 유성구,2026-05-27
1425,가전,LG 스타일러,LG 스타일러 팝니다,눈에 띄는 흔적 없음,673000,광주 서구,2026-06-13
1842,명품,루이비통 네버풀 MM,루이비통 네버풀 MM 정품 영수증 有 판매합니다,사용감 있음,1260000,대구 수성구,2026-06-01
1321,전자기기,닌텐도 스위치 OLED,닌텐도 스위치 OLED 판매합니다,사용감 있음,244000,경기 수원시,2026-05-25
1513,생활·레저,삼천리 하이브리드 자전거,삼천리 하이브리드 자전거 S급 내놓아요,미사용,171000,대구 수성구,2026-05-19
1919,명품,에르메스 가든파티 36,에르메스 가든파티 36 보증서 O 양도합니다,사용감 거의 없음,3250000,경기 수원시,2026-05-24
1991,명품,생로랑 루루백,생로랑 루루백 감정 가능 판매합니다,눈에 띄는 흔적 없음,1640000,경기 안성시,2026-05-16
1673,화장품·향수,설화수 자음생크림,설화수 자음생크림 잔량 90%+ 판매해요,미사용,154000,부산 해운대구,2026-06-14
1094,전자기기,갤럭시 S23,갤럭시 S23 512GB 정리합니다 (직거래 환영),사용감 있음,311000,서울 강서구,2026-05-29
1874,명품,샤넬 클래식 미디움 플랩백,샤넬 클래식 미디움 플랩백 정품 영수증 有 정리합니다,사용감 거의 없음,11260000,경기 성남시,2026-05-08
1263,전자기기,맥북 에어 M2,맥북 에어 M2 미개봉급 정리합니다 (에누리가능),사용감 거의 없음,1060000,인천 부평구,2026-05-21
1327,전자기기,닌텐도 스위치 OLED,닌텐도 스위치 OLED S급 팝니다 (급처),사용감 거의 없음,310000,대전 유성구,2026-05-02
1272,전자기기,맥북 에어 M2,맥북 에어 M2 정리합니다,눈에 띄는 흔적 없음,882000,경기 안성시,2026-05-06
1888,명품,구찌 마몽 숄더백,구찌 마몽 숄더백 풀구성 양도합니다,미사용,1540000,서울 노원구,2026-06-14
1314,전자기기,닌텐도 스위치 OLED,닌텐도 스위치 OLED 판매합니다,사용감 심함,182000,서울 노원구,2026-05-03
1412,가전,발뮤다 토스터,발뮤다 토스터 정리합니다 (급처),사용감 있음,158000,경기 성남시,2026-06-10
1185,전자기기,에어팟 4,에어팟 4 거의새것 내놓아요,사용감 거의 없음,127000,서울 송파구,2026-05-02
1358,전자기기,로지텍 MX 마스터 3,로지텍 MX 마스터 3 팝니다 (급처),사용감 있음,58500,경기 성남시,2026-06-08
1017,전자기기,아이폰 13,아이폰 13 256GB 정리합니다 (택포),사용감 심함,332000,서울 강서구,2026-05-09
1408,가전,발뮤다 토스터,발뮤다 토스터 거의새것 정리합니다,사용감 거의 없음,184000,서울 송파구,2026-05-20
1930,명품,프라다 사피아노 토트백,프라다 사피아노 토트백 더스트백 포함 양도합니다,눈에 띄는 흔적 없음,1640000,부산 해운대구,2026-06-06
1605,화장품·향수,디올 어딕트 립 글로우,디올 어딕트 립 글로우 미개봉 판매해요,사용감 거의 없음,39000,광주 서구,2026-06-10
1362,전자기기,로지텍 MX 마스터 3,로지텍 MX 마스터 3 S급 정리합니다,미사용,72800,대전 유성구,2026-05-27
1395,가전,발뮤다 토스터,발뮤다 토스터 팝니다,눈에 띄는 흔적 없음,170000,부산 해운대구,2026-05-08
1419,가전,LG 스타일러,LG 스타일러 팝니다,사용감 심함,498000,인천 부평구,2026-05-06
1710,화장품·향수,SK-II 페이셜 트리트먼트 에센스 230ml,SK-II 페이셜 트리트먼트 에센스 230ml 정리합니다,눈에 띄는 흔적 없음,144000,부산 해운대구,2026-05-31
1873,명품,샤넬 클래식 미디움 플랩백,샤넬 클래식 미디움 플랩백 정품 정리합니다,눈에 띄는 흔적 없음,8890000,경기 성남시,2026-05-28
1759,화장품·향수,톰포드 립스틱,톰포드 립스틱 정리합니다,눈에 띄는 흔적 없음,45200,인천 부평구,2026-05-26
1777,화장품·향수,톰포드 립스틱,톰포드 립스틱 잔량 90%+ 양도해요,사용감 거의 없음,48000,부산 해운대구,2026-05-16
1729,화장품·향수,SK-II 페이셜 트리트먼트 에센스 230ml,SK-II 페이셜 트리트먼트 에센스 230ml 1~2회 사용 정리합니다,사용감 거의 없음,134000,대전 유성구,2026-05-08
2024,명품,발렌시아가 시티백,발렌시아가 시티백 보증서 O 정리합니다,눈에 띄는 흔적 없음,861000,서울 강서구,2026-06-06
1557,화장품·향수,조 말론 우드세이지 앤 씨솔트 100ml,조 말론 우드세이지 앤 씨솔트 100ml 양도해요,눈에 띄는 흔적 없음,141000,부산 해운대구,2026-05-25
1939,명품,프라다 사피아노 토트백,프라다 사피아노 토트백 정품 판매합니다,사용감 있음,1330000,서울 송파구,2026-06-15
1544,화장품·향수,샤넬 No.5 오 드 퍼퓸 100ml,샤넬 No.5 오 드 퍼퓸 100ml 잔량 90%+ 양도해요,미사용,149000,경기 고양시,2026-05-13
1684,화장품·향수,헤라 블랙쿠션,헤라 블랙쿠션 정품 백화점 구매 정리합니다,사용감 거의 없음,41500,인천 부평구,2026-05-24
1303,전자기기,애플워치 SE 2세대,애플워치 SE 2세대 팝니다 (쿨거래시 네고),눈에 띄는 흔적 없음,243000,대구 수성구,2026-06-11
1896,명품,구찌 마몽 숄더백,구찌 마몽 숄더백 감정 가능 판매합니다,눈에 띄는 흔적 없음,1340000,대구 수성구,2026-06-05
1187,전자기기,갤럭시 버즈3,갤럭시 버즈3 거의새것 정리합니다 (택포),미사용,108000,경기 성남시,2026-05-12
1912,명품,에르메스 가든파티 36,에르메스 가든파티 36 감정 가능 정리합니다,사용감 심함,2020000,대구 수성구,2026-05-27
1785,화장품·향수,나스 래디언트 크리미 컨실러,나스 래디언트 크리미 컨실러 판매해요,사용감 있음,22000,경기 수원시,2026-06-04
1699,화장품·향수,헤라 블랙쿠션,헤라 블랙쿠션 잔량 90%+ 양도해요,미사용,41200,서울 마포구,2026-06-07
1604,화장품·향수,디올 어딕트 립 글로우,디올 어딕트 립 글로우 잔량 90%+ 판매해요,사용감 거의 없음,39800,경기 용인시,2026-06-03
1811,화장품·향수,랑콤 제니피끄 세럼 50ml,랑콤 제니피끄 세럼 50ml 판매해요,눈에 띄는 흔적 없음,74000,경기 용인시,2026-05-22
1340,전자기기,플레이스테이션 5,플레이스테이션 5 팝니다,사용감 있음,439000,서울 노원구,2026-05-20
1858,명품,샤넬 클래식 미디움 플랩백,샤넬 클래식 미디움 플랩백 정품 정리합니다,사용감 거의 없음,10160000,부산 해운대구,2026-05-03
1757,화장품·향수,톰포드 립스틱,톰포드 립스틱 양도해요,사용감 있음,34400,서울 강서구,2026-05-27
1825,화장품·향수,랑콤 제니피끄 세럼 50ml,랑콤 제니피끄 세럼 50ml 양도해요,눈에 띄는 흔적 없음,91300,광주 서구,2026-06-01
1407,가전,발뮤다 토스터,발뮤다 토스터 정리합니다,눈에 띄는 흔적 없음,177000,경기 안성시,2026-05-02
1894,명품,구찌 마몽 숄더백,구찌 마몽 숄더백 정품 정리합니다,사용감 거의 없음,1530000,서울 강서구,2026-06-03
1483,생활·레저,스탠리 텀블러,스탠리 텀블러 거의새것 정리합니다 (에누리가능),사용감 거의 없음,26900,서울 노원구,2026-05-11
1631,화장품·향수,에스티로더 더블웨어 파운데이션,에스티로더 더블웨어 파운데이션 미개봉 판매해요,사용감 거의 없음,45300,서울 노원구,2026-05-12
1543,화장품·향수,샤넬 No.5 오 드 퍼퓸 100ml,샤넬 No.5 오 드 퍼퓸 100ml 정리합니다,눈에 띄는 흔적 없음,127000,대전 유성구,2026-06-05
1802,화장품·향수,나스 래디언트 크리미 컨실러,나스 래디언트 크리미 컨실러 정리합니다,눈에 띄는 흔적 없음,26700,서울 노원구,2026-05-20
1088,전자기기,갤럭시 S23,갤럭시 S23 512GB 내놓아요,사용감 있음,404000,부산 해운대구,2026-06-16
2048,명품,롤렉스 데이트저스트 36,롤렉스 데이트저스트 36 감정 가능 판매합니다,사용감 거의 없음,9770000,광주 서구,2026-06-15
1588,화장품·향수,디올 소바쥬 오 드 뚜왈렛 100ml,디올 소바쥬 오 드 뚜왈렛 100ml 정품 백화점 구매 판매해요,미사용,112000,경기 성남시,2026-05-16
1994,명품,생로랑 루루백,생로랑 루루백 정리합니다,사용감 있음,1500000,경기 성남시,2026-05-03
1938,명품,프라다 사피아노 토트백,프라다 사피아노 토트백 풀구성 정리합니다,사용감 거의 없음,1600000,대구 수성구,2026-05-03
1503,생활·레저,스탠리 텀블러,스탠리 텀블러 내놓아요,사용감 있음,20500,서울 송파구,2026-05-26
1787,화장품·향수,나스 래디언트 크리미 컨실러,나스 래디언트 크리미 컨실러 미개봉 판매해요,사용감 거의 없음,24900,대구 수성구,2026-05-15
1289,전자기기,애플워치 SE 2세대,애플워치 SE 2세대 S급 정리합니다,미사용,276000,서울 강서구,2026-05-29
2003,명품,발렌시아가 시티백,발렌시아가 시티백 정리합니다,눈에 띄는 흔적 없음,846000,서울 노원구,2026-05-02
1533,생활·레저,삼천리 하이브리드 자전거,삼천리 하이브리드 자전거 정리합니다,눈에 띄는 흔적 없음,153000,서울 마포구,2026-06-16
1118,전자기기,갤럭시 S24,갤럭시 S24 128GB 팝니다,사용감 있음,579000,경기 수원시,2026-05-10
1506,생활·레저,스탠리 텀블러,스탠리 텀블러 내놓아요,사용감 있음,23300,서울 노원구,2026-06-05
1929,명품,프라다 사피아노 토트백,프라다 사피아노 토트백 판매합니다,눈에 띄는 흔적 없음,1720000,경기 안성시,2026-05-17
1225,전자기기,아이패드 9세대,아이패드 9세대 512GB 미개봉급 내놓아요,미사용,274000,경기 용인시,2026-05-06
1486,생활·레저,스탠리 텀블러,스탠리 텀블러 내놓아요,사용감 있음,22300,경기 고양시,2026-05-05
2095,명품,티파니 1837 목걸이,티파니 1837 목걸이 더스트백 포함 정리합니다,사용감 심함,325000,광주 서구,2026-05-09
1313,전자기기,닌텐도 스위치 OLED,닌텐도 스위치 OLED 판매합니다,눈에 띄는 흔적 없음,285000,부산 해운대구,2026-05-12
1868,명품,샤넬 클래식 미디움 플랩백,샤넬 클래식 미디움 플랩백 풀구성 판매합니다,사용감 거의 없음,10840000,서울 강서구,2026-05-24
1204,전자기기,아이패드 9세대,아이패드 9세대 128GB 팝니다,사용감 있음,193000,경기 안성시,2026-05-11
1906,명품,에르메스 가든파티 36,에르메스 가든파티 36 더스트백 포함 양도합니다,사용감 있음,2420000,서울 송파구,2026-05-18
1589,화장품·향수,디올 소바쥬 오 드 뚜왈렛 100ml,디올 소바쥬 오 드 뚜왈렛 100ml 판매해요,사용감 있음,83200,서울 노원구,2026-06-04
1073,전자기기,아이폰 15,아이폰 15 512GB 판매합니다,눈에 띄는 흔적 없음,754000,서울 송파구,2026-05-09
1590,화장품·향수,디올 소바쥬 오 드 뚜왈렛 100ml,디올 소바쥬 오 드 뚜왈렛 100ml 정리합니다,눈에 띄는 흔적 없음,91200,서울 강남구,2026-06-06
1266,전자기기,맥북 에어 M2,맥북 에어 M2 팝니다,사용감 있음,822000,서울 송파구,2026-06-02
2064,명품,까르띠에 러브링,까르띠에 러브링 더스트백 포함 정리합니다,사용감 있음,1710000,경기 용인시,2026-05-12
2053,명품,까르띠에 러브링,까르띠에 러브링 풀구성 정리합니다,눈에 띄는 흔적 없음,2000000,대전 유성구,2026-06-14
1257,전자기기,맥북 에어 M2,맥북 에어 M2 내놓아요 (쿨거래시 네고),사용감 있음,870000,서울 마포구,2026-05-19
1674,화장품·향수,설화수 자음생크림,설화수 자음생크림 정품 백화점 구매 정리합니다,사용감 거의 없음,120000,대전 유성구,2026-05-23
1271,전자기기,맥북 에어 M2,맥북 에어 M2 팝니다,눈에 띄는 흔적 없음,945000,인천 부평구,2026-05-12
1081,전자기기,아이폰 15,아이폰 15 128GB 팝니다,사용감 심함,541000,부산 해운대구,2026-06-04
2045,명품,롤렉스 데이트저스트 36,롤렉스 데이트저스트 36 풀구성 정리합니다,눈에 띄는 흔적 없음,9030000,인천 부평구,2026-06-06
1853,명품,루이비통 네버풀 MM,루이비통 네버풀 MM 풀구성 정리합니다,사용감 있음,961000,서울 강남구,2026-06-07
1158,전자기기,에어팟 프로 2,에어팟 프로 2 미개봉급 정리합니다,미사용,231000,인천 부평구,2026-05-11
1410,가전,발뮤다 토스터,발뮤다 토스터 S급 판매합니다,사용감 거의 없음,190000,대전 유성구,2026-06-08
2028,명품,롤렉스 데이트저스트 36,롤렉스 데이트저스트 36 감정 가능 양도합니다,사용감 거의 없음,9890000,대전 유성구,2026-05-05
2077,명품,티파니 1837 목걸이,티파니 1837 목걸이 감정 가능 양도합니다,사용감 심함,316000,서울 노원구,2026-05-19
1999,명품,생로랑 루루백,생로랑 루루백 양도합니다,미사용,2130000,경기 고양시,2026-05-21
1594,화장품·향수,디올 소바쥬 오 드 뚜왈렛 100ml,디올 소바쥬 오 드 뚜왈렛 100ml 판매해요,눈에 띄는 흔적 없음,92200,대전 유성구,2026-05-30
1747,화장품·향수,입생로랑 루쥬 볼립테 립스틱,입생로랑 루쥬 볼립테 립스틱 정리합니다,눈에 띄는 흔적 없음,31700,경기 용인시,2026-05-11
1718,화장품·향수,SK-II 페이셜 트리트먼트 에센스 230ml,SK-II 페이셜 트리트먼트 에센스 230ml 판매해요,사용감 심함,99400,경기 안성시,2026-06-06
1274,전자기기,맥북 에어 M2,맥북 에어 M2 정리합니다,사용감 있음,764000,대구 수성구,2026-06-13
1511,생활·레저,삼천리 하이브리드 자전거,삼천리 하이브리드 자전거 정리합니다 (택포),사용감 있음,134000,경기 고양시,2026-05-06
1993,명품,생로랑 루루백,생로랑 루루백 정리합니다,눈에 띄는 흔적 없음,1680000,서울 강남구,2026-05-06
1960,명품,디올 레이디백 미디움,디올 레이디백 미디움 풀구성 판매합니다,사용감 있음,3590000,경기 수원시,2026-05-14
1702,화장품·향수,헤라 블랙쿠션,헤라 블랙쿠션 선물받은 새것 정리합니다,사용감 거의 없음,37500,대구 수성구,2026-05-12
1987,명품,생로랑 루루백,생로랑 루루백 감정 가능 판매합니다,사용감 심함,1250000,경기 성남시,2026-06-11
1167,전자기기,에어팟 프로 2,에어팟 프로 2 정리합니다,사용감 있음,168000,대구 수성구,2026-05-09
1722,화장품·향수,SK-II 페이셜 트리트먼트 에센스 230ml,SK-II 페이셜 트리트먼트 에센스 230ml 정리합니다,눈에 띄는 흔적 없음,155000,서울 송파구,2026-06-01
1752,화장품·향수,톰포드 립스틱,톰포드 립스틱 판매해요,눈에 띄는 흔적 없음,47700,경기 성남시,2026-05-09
1453,가전,삼성 비스포크 큐브 냉장고,삼성 비스포크 큐브 냉장고 미개봉급 정리합니다,미사용,298000,대전 유성구,2026-05-21
2055,명품,까르띠에 러브링,까르띠에 러브링 풀구성 판매합니다,눈에 띄는 흔적 없음,1860000,부산 해운대구,2026-05-06
2007,명품,발렌시아가 시티백,발렌시아가 시티백 감정 가능 판매합니다,눈에 띄는 흔적 없음,865000,서울 강남구,2026-05-18
1232,전자기기,아이패드 에어 5,아이패드 에어 5 256GB 내놓아요,눈에 띄는 흔적 없음,443000,경기 고양시,2026-06-09
1299,전자기기,애플워치 SE 2세대,애플워치 SE 2세대 미개봉급 내놓아요 (택포),미사용,279000,서울 노원구,2026-05-09
2017,명품,발렌시아가 시티백,발렌시아가 시티백 보증서 O 양도합니다,사용감 거의 없음,838000,서울 송파구,2026-06-06
1630,화장품·향수,에스티로더 더블웨어 파운데이션,에스티로더 더블웨어 파운데이션 잔량 90%+ 판매해요,사용감 거의 없음,46900,인천 부평구,2026-06-11
1373,전자기기,로지텍 MX 마스터 3,로지텍 MX 마스터 3 판매합니다 (급처),눈에 띄는 흔적 없음,73500,경기 성남시,2026-05-15
1660,화장품·향수,맥 립스틱 루비우,맥 립스틱 루비우 정리합니다,사용감 있음,12100,대전 유성구,2026-05-17
1570,화장품·향수,조 말론 우드세이지 앤 씨솔트 100ml,조 말론 우드세이지 앤 씨솔트 100ml 정리합니다,사용감 있음,114000,서울 강남구,2026-05-08
1317,전자기기,닌텐도 스위치 OLED,닌텐도 스위치 OLED 판매합니다,눈에 띄는 흔적 없음,304000,경기 안성시,2026-05-13
1035,전자기기,아이폰 14,아이폰 14 128GB 정리합니다,사용감 있음,497000,대전 유성구,2026-06-12
1101,전자기기,갤럭시 S23,갤럭시 S23 256GB 거의새것 정리합니다,사용감 거의 없음,461000,대구 수성구,2026-05-16
1095,전자기기,갤럭시 S23,갤럭시 S23 256GB S급 팝니다,사용감 거의 없음,516000,서울 강서구,2026-06-04
1013,전자기기,아이폰 13,아이폰 13 512GB 내놓아요,눈에 띄는 흔적 없음,445000,경기 용인시,2026-05-18
1646,화장품·향수,맥 립스틱 루비우,맥 립스틱 루비우 판매해요,사용감 있음,16300,서울 송파구,2026-06-12
1837,명품,루이비통 네버풀 MM,루이비통 네버풀 MM 정품 판매합니다,사용감 거의 없음,1700000,서울 송파구,2026-05-06
1090,전자기기,갤럭시 S23,갤럭시 S23 256GB 판매합니다,사용감 있음,356000,서울 마포구,2026-05-11
1283,전자기기,애플워치 SE 2세대,애플워치 SE 2세대 거의새것 내놓아요 (에누리가능),사용감 거의 없음,254000,경기 고양시,2026-05-12
1879,명품,구찌 마몽 숄더백,구찌 마몽 숄더백 판매합니다,눈에 띄는 흔적 없음,1270000,서울 노원구,2026-05-04
1744,화장품·향수,입생로랑 루쥬 볼립테 립스틱,입생로랑 루쥬 볼립테 립스틱 잔량 90%+ 정리합니다,사용감 거의 없음,32500,경기 고양시,2026-05-03
1524,생활·레저,삼천리 하이브리드 자전거,삼천리 하이브리드 자전거 내놓아요,눈에 띄는 흔적 없음,139000,서울 마포구,2026-06-04
1155,전자기기,에어팟 프로 2,에어팟 프로 2 판매합니다 (택포),눈에 띄는 흔적 없음,176000,경기 성남시,2026-05-09
1474,생활·레저,헬리녹스 체어원,헬리녹스 체어원 거의새것 팝니다,사용감 거의 없음,91400,경기 용인시,2026-06-04
2032,명품,롤렉스 데이트저스트 36,롤렉스 데이트저스트 36 판매합니다,사용감 거의 없음,11210000,인천 부평구,2026-06-15
1818,화장품·향수,랑콤 제니피끄 세럼 50ml,랑콤 제니피끄 세럼 50ml 판매해요,사용감 심함,63600,서울 송파구,2026-06-08
1714,화장품·향수,SK-II 페이셜 트리트먼트 에센스 230ml,SK-II 페이셜 트리트먼트 에센스 230ml 판매해요,사용감 있음,133000,서울 강남구,2026-05-24
1626,화장품·향수,에스티로더 더블웨어 파운데이션,에스티로더 더블웨어 파운데이션 판매해요,사용감 있음,39100,서울 송파구,2026-06-12
1397,가전,발뮤다 토스터,발뮤다 토스터 판매합니다,사용감 심함,124000,서울 노원구,2026-05-13
1662,화장품·향수,설화수 자음생크림,설화수 자음생크림 양도해요,사용감 심함,89700,광주 서구,2026-06-13
1273,전자기기,맥북 에어 M2,맥북 에어 M2 정리합니다 (직거래 환영),사용감 있음,802000,경기 수원시,2026-06-05
1032,전자기기,아이폰 14,아이폰 14 128GB 판매합니다,사용감 심함,344000,경기 성남시,2026-06-05
1753,화장품·향수,톰포드 립스틱,톰포드 립스틱 판매해요,사용감 심함,31700,서울 송파구,2026-06-03
1996,명품,생로랑 루루백,생로랑 루루백 양도합니다,사용감 있음,1550000,경기 수원시,2026-05-22
1434,가전,LG 스타일러,LG 스타일러 판매합니다,눈에 띄는 흔적 없음,717000,서울 마포구,2026-06-10
1976,명품,셀린느 트리오페백,셀린느 트리오페백 보증서 O 정리합니다,눈에 띄는 흔적 없음,2190000,서울 노원구,2026-06-12
1293,전자기기,애플워치 SE 2세대,애플워치 SE 2세대 정리합니다,눈에 띄는 흔적 없음,238000,광주 서구,2026-06-11
1988,명품,생로랑 루루백,생로랑 루루백 정품 영수증 有 정리합니다,사용감 거의 없음,1930000,경기 수원시,2026-05-14
1767,화장품·향수,톰포드 립스틱,톰포드 립스틱 판매해요,눈에 띄는 흔적 없음,51100,경기 고양시,2026-05-07
1322,전자기기,닌텐도 스위치 OLED,닌텐도 스위치 OLED 내놓아요 (에누리가능),눈에 띄는 흔적 없음,306000,서울 노원구,2026-06-07
1333,전자기기,플레이스테이션 5,플레이스테이션 5 S급 내놓아요,사용감 거의 없음,494000,부산 해운대구,2026-05-08
1169,전자기기,에어팟 프로 2,에어팟 프로 2 거의새것 판매합니다,사용감 거의 없음,181000,서울 송파구,2026-05-26
1078,전자기기,아이폰 15,아이폰 15 256GB 미개봉급 내놓아요 (직거래 환영),사용감 거의 없음,898000,경기 용인시,2026-05-17
1695,화장품·향수,헤라 블랙쿠션,헤라 블랙쿠션 정리합니다,사용감 심함,22400,서울 강서구,2026-05-06
1923,명품,에르메스 가든파티 36,에르메스 가든파티 36 보증서 O 양도합니다,사용감 심함,2010000,서울 송파구,2026-05-21
1561,화장품·향수,조 말론 우드세이지 앤 씨솔트 100ml,조 말론 우드세이지 앤 씨솔트 100ml 정리합니다,눈에 띄는 흔적 없음,131000,경기 용인시,2026-06-06
1011,전자기기,아이폰 13,아이폰 13 256GB 내놓아요 (직거래 환영),눈에 띄는 흔적 없음,435000,대구 수성구,2026-05-10
2011,명품,발렌시아가 시티백,발렌시아가 시티백 더스트백 포함 양도합니다,눈에 띄는 흔적 없음,861000,서울 송파구,2026-05-29
1596,화장품·향수,디올 소바쥬 오 드 뚜왈렛 100ml,디올 소바쥬 오 드 뚜왈렛 100ml 양도해요,눈에 띄는 흔적 없음,84500,서울 마포구,2026-05-29
1936,명품,프라다 사피아노 토트백,프라다 사피아노 토트백 정품 영수증 有 정리합니다,사용감 거의 없음,1660000,경기 고양시,2026-05-12
2000,명품,생로랑 루루백,생로랑 루루백 정품 영수증 有 판매합니다,눈에 띄는 흔적 없음,1850000,경기 안성시,2026-06-06
2018,명품,발렌시아가 시티백,발렌시아가 시티백 정품 판매합니다,미사용,1110000,부산 해운대구,2026-05-31
1468,생활·레저,헬리녹스 체어원,헬리녹스 체어원 정리합니다 (직거래 환영),사용감 심함,61700,경기 고양시,2026-06-06
1514,생활·레저,삼천리 하이브리드 자전거,삼천리 하이브리드 자전거 내놓아요 (급처),사용감 있음,122000,서울 송파구,2026-06-04
1115,전자기기,갤럭시 S24,갤럭시 S24 128GB 판매합니다 (급처),눈에 띄는 흔적 없음,635000,서울 노원구,2026-05-29
2080,명품,티파니 1837 목걸이,티파니 1837 목걸이 판매합니다,사용감 거의 없음,520000,경기 고양시,2026-05-20
1942,명품,프라다 사피아노 토트백,프라다 사피아노 토트백 보증서 O 정리합니다,사용감 있음,1400000,서울 강남구,2026-05-31
1864,명품,샤넬 클래식 미디움 플랩백,샤넬 클래식 미디움 플랩백 더스트백 포함 정리합니다,미사용,11590000,서울 마포구,2026-06-10
1501,생활·레저,스탠리 텀블러,스탠리 텀블러 팝니다,사용감 심함,18000,서울 송파구,2026-05-03
1948,명품,디올 레이디백 미디움,디올 레이디백 미디움 양도합니다,눈에 띄는 흔적 없음,4920000,경기 성남시,2026-05-25
1469,생활·레저,헬리녹스 체어원,헬리녹스 체어원 내놓아요,사용감 심함,48700,서울 노원구,2026-06-09
1065,전자기기,아이폰 15,아이폰 15 256GB 정리합니다 (택포),사용감 심함,544000,경기 수원시,2026-05-11
1295,전자기기,애플워치 SE 2세대,애플워치 SE 2세대 거의새것 판매합니다 (택포),사용감 거의 없음,270000,서울 강남구,2026-05-30
1934,명품,프라다 사피아노 토트백,프라다 사피아노 토트백 보증서 O 판매합니다,사용감 거의 없음,1800000,서울 강남구,2026-06-10
1968,명품,셀린느 트리오페백,셀린느 트리오페백 더스트백 포함 판매합니다,미사용,2550000,경기 성남시,2026-05-25
1015,전자기기,아이폰 13,아이폰 13 512GB 팝니다,눈에 띄는 흔적 없음,491000,서울 마포구,2026-05-31
1285,전자기기,애플워치 SE 2세대,애플워치 SE 2세대 거의새것 판매합니다,사용감 거의 없음,268000,서울 마포구,2026-06-13
1443,가전,삼성 비스포크 큐브 냉장고,삼성 비스포크 큐브 냉장고 내놓아요,눈에 띄는 흔적 없음,272000,부산 해운대구,2026-06-01
1559,화장품·향수,조 말론 우드세이지 앤 씨솔트 100ml,조 말론 우드세이지 앤 씨솔트 100ml 잔량 90%+ 양도해요,미사용,159000,대전 유성구,2026-06-05
1372,전자기기,로지텍 MX 마스터 3,로지텍 MX 마스터 3 팝니다 (급처),눈에 띄는 흔적 없음,70700,서울 강서구,2026-05-24
1213,전자기기,아이패드 9세대,아이패드 9세대 128GB S급 정리합니다,사용감 거의 없음,266000,경기 용인시,2026-05-10
1357,전자기기,로지텍 MX 마스터 3,로지텍 MX 마스터 3 팝니다,사용감 있음,64000,대전 유성구,2026-06-10
1219,전자기기,아이패드 9세대,아이패드 9세대 128GB 팝니다 (에누리가능),사용감 있음,194000,부산 해운대구,2026-05-03
1096,전자기기,갤럭시 S23,갤럭시 S23 512GB 거의새것 내놓아요 (에누리가능),사용감 거의 없음,395000,경기 고양시,2026-05-09
1160,전자기기,에어팟 프로 2,에어팟 프로 2 정리합니다,눈에 띄는 흔적 없음,180000,인천 부평구,2026-05-20
1985,명품,셀린느 트리오페백,셀린느 트리오페백 더스트백 포함 정리합니다,사용감 거의 없음,2200000,경기 용인시,2026-05-30
1812,화장품·향수,랑콤 제니피끄 세럼 50ml,랑콤 제니피끄 세럼 50ml 미개봉 정리합니다,사용감 거의 없음,95900,대구 수성구,2026-06-13
1236,전자기기,아이패드 에어 5,아이패드 에어 5 256GB 정리합니다,사용감 있음,427000,경기 안성시,2026-05-12
1693,화장품·향수,헤라 블랙쿠션,헤라 블랙쿠션 정리합니다,사용감 있음,27900,서울 노원구,2026-06-14
1282,전자기기,애플워치 SE 2세대,애플워치 SE 2세대 정리합니다 (직거래 환영),사용감 있음,172000,경기 안성시,2026-05-10
1300,전자기기,애플워치 SE 2세대,애플워치 SE 2세대 정리합니다 (쿨거래시 네고),사용감 심함,158000,광주 서구,2026-05-23
1264,전자기기,맥북 에어 M2,맥북 에어 M2 거의새것 내놓아요 (쿨거래시 네고),미사용,1230000,인천 부평구,2026-06-08
1808,화장품·향수,랑콤 제니피끄 세럼 50ml,랑콤 제니피끄 세럼 50ml 1~2회 사용 양도해요,미사용,101000,대전 유성구,2026-05-13
1488,생활·레저,스탠리 텀블러,스탠리 텀블러 판매합니다,사용감 있음,21700,서울 송파구,2026-06-13
1595,화장품·향수,디올 소바쥬 오 드 뚜왈렛 100ml,디올 소바쥬 오 드 뚜왈렛 100ml 양도해요,사용감 심함,61300,서울 송파구,2026-06-16
2035,명품,롤렉스 데이트저스트 36,롤렉스 데이트저스트 36 정품 영수증 有 정리합니다,사용감 있음,8430000,인천 부평구,2026-05-23
1375,전자기기,로지텍 MX 마스터 3,로지텍 MX 마스터 3 내놓아요 (급처),사용감 심함,46500,서울 송파구,2026-05-11
1911,명품,에르메스 가든파티 36,에르메스 가든파티 36 정품 판매합니다,사용감 심함,1800000,인천 부평구,2026-06-06
2072,명품,티파니 1837 목걸이,티파니 1837 목걸이 정품 영수증 有 판매합니다,사용감 있음,417000,서울 마포구,2026-06-16
1926,명품,프라다 사피아노 토트백,프라다 사피아노 토트백 양도합니다,미사용,1740000,서울 마포구,2026-05-07
1422,가전,LG 스타일러,LG 스타일러 S급 판매합니다 (택포),사용감 거의 없음,786000,서울 마포구,2026-06-04
1334,전자기기,플레이스테이션 5,플레이스테이션 5 거의새것 정리합니다 (에누리가능),사용감 거의 없음,553000,인천 부평구,2026-05-15
1241,전자기기,아이패드 에어 5,아이패드 에어 5 128GB 팝니다,눈에 띄는 흔적 없음,480000,경기 수원시,2026-05-17
1803,화장품·향수,나스 래디언트 크리미 컨실러,나스 래디언트 크리미 컨실러 판매해요,눈에 띄는 흔적 없음,26100,경기 고양시,2026-05-05
2021,명품,발렌시아가 시티백,발렌시아가 시티백 정품 판매합니다,사용감 있음,794000,서울 송파구,2026-06-13
1961,명품,디올 레이디백 미디움,디올 레이디백 미디움 정리합니다,사용감 있음,3860000,대구 수성구,2026-05-26
1207,전자기기,아이패드 9세대,아이패드 9세대 128GB 판매합니다 (급처),눈에 띄는 흔적 없음,253000,부산 해운대구,2026-05-16
1658,화장품·향수,맥 립스틱 루비우,맥 립스틱 루비우 미개봉 판매해요,사용감 거의 없음,21000,광주 서구,2026-06-03
1889,명품,구찌 마몽 숄더백,구찌 마몽 숄더백 정품 정리합니다,사용감 있음,1180000,경기 고양시,2026-06-01
1144,전자기기,갤럭시 Z플립5,갤럭시 Z플립5 256GB 정리합니다 (택포),눈에 띄는 흔적 없음,601000,경기 안성시,2026-06-10
1153,전자기기,에어팟 프로 2,에어팟 프로 2 미개봉급 정리합니다,사용감 거의 없음,200000,부산 해운대구,2026-05-30
1892,명품,구찌 마몽 숄더백,구찌 마몽 숄더백 감정 가능 정리합니다,사용감 있음,1190000,서울 강남구,2026-05-24
1717,화장품·향수,SK-II 페이셜 트리트먼트 에센스 230ml,SK-II 페이셜 트리트먼트 에센스 230ml 판매해요,눈에 띄는 흔적 없음,150000,경기 성남시,2026-06-15
1278,전자기기,애플워치 SE 2세대,애플워치 SE 2세대 정리합니다,눈에 띄는 흔적 없음,219000,경기 고양시,2026-06-09
1539,화장품·향수,샤넬 No.5 오 드 퍼퓸 100ml,샤넬 No.5 오 드 퍼퓸 100ml 정리합니다,사용감 심함,86400,경기 수원시,2026-05-08
1731,화장품·향수,SK-II 페이셜 트리트먼트 에센스 230ml,SK-II 페이셜 트리트먼트 에센스 230ml 양도해요,사용감 있음,128000,경기 고양시,2026-05-09
1865,명품,샤넬 클래식 미디움 플랩백,샤넬 클래식 미디움 플랩백 더스트백 포함 양도합니다,사용감 있음,7580000,경기 안성시,2026-05-08
1608,화장품·향수,디올 어딕트 립 글로우,디올 어딕트 립 글로우 잔량 90%+ 정리합니다,사용감 거의 없음,40000,서울 송파구,2026-05-22
1309,전자기기,닌텐도 스위치 OLED,닌텐도 스위치 OLED 미개봉급 내놓아요 (에누리가능),사용감 거의 없음,330000,경기 용인시,2026-05-08
1867,명품,샤넬 클래식 미디움 플랩백,샤넬 클래식 미디움 플랩백 보증서 O 판매합니다,사용감 거의 없음,10980000,서울 마포구,2026-06-14
1711,화장품·향수,SK-II 페이셜 트리트먼트 에센스 230ml,SK-II 페이셜 트리트먼트 에센스 230ml 판매해요,사용감 있음,140000,인천 부평구,2026-05-05
1547,화장품·향수,샤넬 No.5 오 드 퍼퓸 100ml,샤넬 No.5 오 드 퍼퓸 100ml 잔량 90%+ 양도해요,사용감 거의 없음,152000,인천 부평구,2026-05-06
2031,명품,롤렉스 데이트저스트 36,롤렉스 데이트저스트 36 풀구성 양도합니다,사용감 있음,8780000,서울 송파구,2026-05-09
1679,화장품·향수,설화수 자음생크림,설화수 자음생크림 양도해요,사용감 심함,76500,경기 성남시,2026-05-13
1538,화장품·향수,샤넬 No.5 오 드 퍼퓸 100ml,샤넬 No.5 오 드 퍼퓸 100ml 정리합니다,눈에 띄는 흔적 없음,135000,서울 마포구,2026-05-29
1154,전자기기,에어팟 프로 2,에어팟 프로 2 정리합니다 (쿨거래시 네고),눈에 띄는 흔적 없음,173000,부산 해운대구,2026-05-25
1989,명품,생로랑 루루백,생로랑 루루백 정품 영수증 有 정리합니다,눈에 띄는 흔적 없음,1590000,인천 부평구,2026-05-27
1739,화장품·향수,입생로랑 루쥬 볼립테 립스틱,입생로랑 루쥬 볼립테 립스틱 정리합니다,눈에 띄는 흔적 없음,31600,서울 강남구,2026-05-14
1345,전자기기,플레이스테이션 5,플레이스테이션 5 정리합니다,눈에 띄는 흔적 없음,496000,경기 수원시,2026-06-11
1100,전자기기,갤럭시 S23,갤럭시 S23 256GB 내놓아요 (택포),사용감 심함,306000,광주 서구,2026-06-11
1170,전자기기,에어팟 4,에어팟 4 거의새것 팝니다 (택포),사용감 거의 없음,129000,인천 부평구,2026-05-14
1102,전자기기,갤럭시 S23,갤럭시 S23 256GB 거의새것 판매합니다,미사용,497000,대구 수성구,2026-06-09
2071,명품,티파니 1837 목걸이,티파니 1837 목걸이 정리합니다,사용감 있음,361000,서울 노원구,2026-05-21
2001,명품,생로랑 루루백,생로랑 루루백 정품 판매합니다,눈에 띄는 흔적 없음,1790000,광주 서구,2026-05-27
1184,전자기기,에어팟 4,에어팟 4 정리합니다,눈에 띄는 흔적 없음,92100,경기 안성시,2026-06-01
1036,전자기기,아이폰 14,아이폰 14 128GB 내놓아요,사용감 심함,381000,서울 강서구,2026-05-31
1060,전자기기,아이폰 15,아이폰 15 512GB 정리합니다,눈에 띄는 흔적 없음,796000,대구 수성구,2026-05-19
2086,명품,티파니 1837 목걸이,티파니 1837 목걸이 풀구성 판매합니다,사용감 있음,358000,경기 안성시,2026-06-08
1116,전자기기,갤럭시 S24,갤럭시 S24 256GB 판매합니다 (급처),사용감 있음,604000,경기 수원시,2026-05-03
1141,전자기기,갤럭시 Z플립5,갤럭시 Z플립5 128GB 내놓아요,사용감 있음,514000,서울 마포구,2026-06-12
1882,명품,구찌 마몽 숄더백,구찌 마몽 숄더백 보증서 O 판매합니다,눈에 띄는 흔적 없음,1230000,경기 안성시,2026-05-07
1040,전자기기,아이폰 14,아이폰 14 256GB 판매합니다 (직거래 환영),사용감 심함,437000,광주 서구,2026-05-20
1916,명품,에르메스 가든파티 36,에르메스 가든파티 36 더스트백 포함 양도합니다,눈에 띄는 흔적 없음,2740000,경기 성남시,2026-06-04
1908,명품,에르메스 가든파티 36,에르메스 가든파티 36 보증서 O 판매합니다,사용감 거의 없음,3300000,서울 송파구,2026-06-06
1447,가전,삼성 비스포크 큐브 냉장고,삼성 비스포크 큐브 냉장고 미개봉급 팝니다,미사용,313000,대전 유성구,2026-06-16
1725,화장품·향수,SK-II 페이셜 트리트먼트 에센스 230ml,SK-II 페이셜 트리트먼트 에센스 230ml 정리합니다,사용감 있음,129000,서울 강서구,2026-06-07
1783,화장품·향수,나스 래디언트 크리미 컨실러,나스 래디언트 크리미 컨실러 양도해요,사용감 심함,17700,부산 해운대구,2026-06-11
1967,명품,셀린느 트리오페백,셀린느 트리오페백 감정 가능 양도합니다,사용감 거의 없음,2340000,인천 부평구,2026-05-10
2046,명품,롤렉스 데이트저스트 36,롤렉스 데이트저스트 36 정품 영수증 有 양도합니다,사용감 있음,9110000,경기 고양시,2026-05-16
2073,명품,티파니 1837 목걸이,티파니 1837 목걸이 정품 정리합니다,눈에 띄는 흔적 없음,447000,서울 강서구,2026-05-20
1813,화장품·향수,랑콤 제니피끄 세럼 50ml,랑콤 제니피끄 세럼 50ml 판매해요,사용감 있음,75300,인천 부평구,2026-06-15
1135,전자기기,갤럭시 Z플립5,갤럭시 Z플립5 512GB 팝니다 (쿨거래시 네고),사용감 있음,454000,경기 성남시,2026-06-08
2037,명품,롤렉스 데이트저스트 36,롤렉스 데이트저스트 36 더스트백 포함 양도합니다,눈에 띄는 흔적 없음,10730000,대구 수성구,2026-05-06
1983,명품,셀린느 트리오페백,셀린느 트리오페백 정품 판매합니다,사용감 거의 없음,2440000,서울 노원구,2026-06-09
1498,생활·레저,스탠리 텀블러,스탠리 텀블러 거의새것 내놓아요 (에누리가능),사용감 거의 없음,29000,서울 강남구,2026-06-04
1659,화장품·향수,맥 립스틱 루비우,맥 립스틱 루비우 판매해요,눈에 띄는 흔적 없음,16600,인천 부평구,2026-05-10
1195,전자기기,갤럭시 버즈3,갤럭시 버즈3 판매합니다 (급처),사용감 있음,86100,서울 노원구,2026-05-18
1139,전자기기,갤럭시 Z플립5,갤럭시 Z플립5 512GB 판매합니다,눈에 띄는 흔적 없음,616000,서울 강서구,2026-06-02
1162,전자기기,에어팟 프로 2,에어팟 프로 2 팝니다 (직거래 환영),눈에 띄는 흔적 없음,172000,경기 수원시,2026-05-25
1254,전자기기,맥북 에어 M2,맥북 에어 M2 미개봉급 판매합니다,사용감 거의 없음,1020000,경기 수원시,2026-05-02
1685,화장품·향수,헤라 블랙쿠션,헤라 블랙쿠션 판매해요,사용감 있음,29100,인천 부평구,2026-05-13
2030,명품,롤렉스 데이트저스트 36,롤렉스 데이트저스트 36 양도합니다,사용감 심함,6810000,경기 안성시,2026-06-13
1209,전자기기,아이패드 9세대,아이패드 9세대 512GB 팝니다,눈에 띄는 흔적 없음,249000,대구 수성구,2026-05-02
1221,전자기기,아이패드 9세대,아이패드 9세대 256GB 판매합니다 (직거래 환영),사용감 있음,198000,서울 송파구,2026-06-01
1857,명품,루이비통 네버풀 MM,루이비통 네버풀 MM 정품 양도합니다,사용감 있음,1350000,광주 서구,2026-06-04
1230,전자기기,아이패드 9세대,아이패드 9세대 128GB 내놓아요,눈에 띄는 흔적 없음,231000,경기 안성시,2026-05-15
1654,화장품·향수,맥 립스틱 루비우,맥 립스틱 루비우 판매해요,사용감 있음,15300,부산 해운대구,2026-06-14
1975,명품,셀린느 트리오페백,셀린느 트리오페백 정품 정리합니다,사용감 심함,1570000,서울 노원구,2026-05-10
1633,화장품·향수,에스티로더 더블웨어 파운데이션,에스티로더 더블웨어 파운데이션 잔량 90%+ 정리합니다,미사용,57800,경기 수원시,2026-06-02
1913,명품,에르메스 가든파티 36,에르메스 가든파티 36 정리합니다,눈에 띄는 흔적 없음,2930000,광주 서구,2026-05-29
1681,화장품·향수,설화수 자음생크림,설화수 자음생크림 정리합니다,눈에 띄는 흔적 없음,113000,부산 해운대구,2026-05-25
1548,화장품·향수,샤넬 No.5 오 드 퍼퓸 100ml,샤넬 No.5 오 드 퍼퓸 100ml 잔량 90%+ 양도해요,사용감 거의 없음,149000,대구 수성구,2026-05-29
1814,화장품·향수,랑콤 제니피끄 세럼 50ml,랑콤 제니피끄 세럼 50ml 양도해요,사용감 있음,75800,인천 부평구,2026-05-23
1571,화장품·향수,디올 소바쥬 오 드 뚜왈렛 100ml,디올 소바쥬 오 드 뚜왈렛 100ml 정리합니다,사용감 있음,77300,서울 송파구,2026-05-17
1875,명품,샤넬 클래식 미디움 플랩백,샤넬 클래식 미디움 플랩백 더스트백 포함 정리합니다,눈에 띄는 흔적 없음,9810000,경기 용인시,2026-06-13
1515,생활·레저,삼천리 하이브리드 자전거,삼천리 하이브리드 자전거 정리합니다 (택포),사용감 심함,107000,서울 송파구,2026-06-14
1227,전자기기,아이패드 9세대,아이패드 9세대 256GB 거의새것 내놓아요,사용감 거의 없음,253000,대전 유성구,2026-05-15
1151,전자기기,갤럭시 Z플립5,갤럭시 Z플립5 128GB S급 팝니다 (에누리가능),사용감 거의 없음,673000,경기 안성시,2026-05-07
1754,화장품·향수,톰포드 립스틱,톰포드 립스틱 선물받은 새것 정리합니다,사용감 거의 없음,46500,경기 수원시,2026-05-05
1826,화장품·향수,랑콤 제니피끄 세럼 50ml,랑콤 제니피끄 세럼 50ml 정리합니다,사용감 있음,83600,서울 노원구,2026-05-07
1068,전자기기,아이폰 15,아이폰 15 512GB S급 판매합니다,사용감 거의 없음,712000,서울 송파구,2026-05-11
1593,화장품·향수,디올 소바쥬 오 드 뚜왈렛 100ml,디올 소바쥬 오 드 뚜왈렛 100ml 정리합니다,사용감 있음,71300,경기 용인시,2026-05-29
1281,전자기기,애플워치 SE 2세대,애플워치 SE 2세대 내놓아요 (급처),사용감 심함,157000,대전 유성구,2026-06-03
1639,화장품·향수,에스티로더 더블웨어 파운데이션,에스티로더 더블웨어 파운데이션 판매해요,사용감 있음,38200,경기 수원시,2026-05-31
2008,명품,발렌시아가 시티백,발렌시아가 시티백 판매합니다,눈에 띄는 흔적 없음,897000,대전 유성구,2026-06-11
2005,명품,발렌시아가 시티백,발렌시아가 시티백 풀구성 양도합니다,사용감 거의 없음,998000,서울 송파구,2026-05-29
1080,전자기기,아이폰 15,아이폰 15 256GB 내놓아요,눈에 띄는 흔적 없음,786000,경기 고양시,2026-05-31
1292,전자기기,애플워치 SE 2세대,애플워치 SE 2세대 S급 판매합니다 (에누리가능),사용감 거의 없음,266000,대구 수성구,2026-05-06
2047,명품,롤렉스 데이트저스트 36,롤렉스 데이트저스트 36 더스트백 포함 판매합니다,사용감 있음,8700000,경기 성남시,2026-05-28
1645,화장품·향수,맥 립스틱 루비우,맥 립스틱 루비우 1~2회 사용 양도해요,사용감 거의 없음,20600,광주 서구,2026-05-03
1944,명품,프라다 사피아노 토트백,프라다 사피아노 토트백 양도합니다,눈에 띄는 흔적 없음,1500000,경기 안성시,2026-05-30
1156,전자기기,에어팟 프로 2,에어팟 프로 2 판매합니다,사용감 있음,162000,인천 부평구,2026-06-09
1111,전자기기,갤럭시 S23,갤럭시 S23 512GB 정리합니다 (직거래 환영),사용감 있음,380000,부산 해운대구,2026-05-17
1562,화장품·향수,조 말론 우드세이지 앤 씨솔트 100ml,조 말론 우드세이지 앤 씨솔트 100ml 판매해요,눈에 띄는 흔적 없음,125000,서울 송파구,2026-05-10
2041,명품,롤렉스 데이트저스트 36,롤렉스 데이트저스트 36 정품 영수증 有 판매합니다,사용감 있음,8880000,서울 마포구,2026-05-10
1441,가전,삼성 비스포크 큐브 냉장고,삼성 비스포크 큐브 냉장고 거의새것 판매합니다 (직거래 환영),미사용,309000,경기 용인시,2026-05-14
1745,화장품·향수,입생로랑 루쥬 볼립테 립스틱,입생로랑 루쥬 볼립테 립스틱 미개봉 정리합니다,사용감 거의 없음,30500,경기 고양시,2026-05-24
1549,화장품·향수,샤넬 No.5 오 드 퍼퓸 100ml,샤넬 No.5 오 드 퍼퓸 100ml 판매해요,눈에 띄는 흔적 없음,129000,경기 용인시,2026-05-05
1458,생활·레저,헬리녹스 체어원,헬리녹스 체어원 내놓아요,사용감 있음,76200,부산 해운대구,2026-05-24
1112,전자기기,갤럭시 S24,갤럭시 S24 256GB S급 정리합니다 (직거래 환영),사용감 거의 없음,780000,인천 부평구,2026-06-10
2026,명품,발렌시아가 시티백,발렌시아가 시티백 판매합니다,사용감 심함,590000,경기 수원시,2026-06-10
1018,전자기기,아이폰 13,아이폰 13 512GB 판매합니다 (에누리가능),사용감 심함,326000,경기 용인시,2026-06-01
1332,전자기기,플레이스테이션 5,플레이스테이션 5 팝니다,눈에 띄는 흔적 없음,458000,부산 해운대구,2026-05-03
1624,화장품·향수,에스티로더 더블웨어 파운데이션,에스티로더 더블웨어 파운데이션 정리합니다,눈에 띄는 흔적 없음,47400,경기 수원시,2026-05-23
1931,명품,프라다 사피아노 토트백,프라다 사피아노 토트백 감정 가능 양도합니다,사용감 있음,1280000,서울 강남구,2026-05-30
1471,생활·레저,헬리녹스 체어원,헬리녹스 체어원 정리합니다 (쿨거래시 네고),사용감 있음,67400,경기 수원시,2026-05-21
1326,전자기기,닌텐도 스위치 OLED,닌텐도 스위치 OLED 거의새것 정리합니다 (쿨거래시 네고),사용감 거의 없음,300000,서울 강서구,2026-05-07
2036,명품,롤렉스 데이트저스트 36,롤렉스 데이트저스트 36 풀구성 판매합니다,미사용,11520000,서울 강남구,2026-06-05
1887,명품,구찌 마몽 숄더백,구찌 마몽 숄더백 양도합니다,사용감 심함,907000,서울 강남구,2026-05-11
1137,전자기기,갤럭시 Z플립5,갤럭시 Z플립5 128GB 판매합니다 (직거래 환영),눈에 띄는 흔적 없음,638000,대전 유성구,2026-06-15
1716,화장품·향수,SK-II 페이셜 트리트먼트 에센스 230ml,SK-II 페이셜 트리트먼트 에센스 230ml 판매해요,사용감 심함,103000,경기 성남시,2026-06-11
1616,화장품·향수,디올 어딕트 립 글로우,디올 어딕트 립 글로우 판매해요,사용감 있음,30300,서울 노원구,2026-06-04
1489,생활·레저,스탠리 텀블러,스탠리 텀블러 판매합니다,눈에 띄는 흔적 없음,25100,경기 안성시,2026-06-06
1574,화장품·향수,디올 소바쥬 오 드 뚜왈렛 100ml,디올 소바쥬 오 드 뚜왈렛 100ml 정리합니다,사용감 있음,75200,서울 마포구,2026-05-03
2027,명품,발렌시아가 시티백,발렌시아가 시티백 판매합니다,사용감 있음,798000,경기 용인시,2026-05-10
1355,전자기기,로지텍 MX 마스터 3,로지텍 MX 마스터 3 팝니다 (쿨거래시 네고),눈에 띄는 흔적 없음,68200,서울 강남구,2026-06-08
1269,전자기기,맥북 에어 M2,맥북 에어 M2 판매합니다 (택포),사용감 있음,801000,경기 성남시,2026-06-03
2070,명품,티파니 1837 목걸이,티파니 1837 목걸이 더스트백 포함 정리합니다,사용감 거의 없음,510000,인천 부평구,2026-05-07
1364,전자기기,로지텍 MX 마스터 3,로지텍 MX 마스터 3 거의새것 내놓아요,사용감 거의 없음,70100,대구 수성구,2026-05-22
1164,전자기기,에어팟 프로 2,에어팟 프로 2 내놓아요,눈에 띄는 흔적 없음,190000,광주 서구,2026-05-19
1932,명품,프라다 사피아노 토트백,프라다 사피아노 토트백 감정 가능 판매합니다,사용감 거의 없음,1750000,서울 노원구,2026-05-15
1237,전자기기,아이패드 에어 5,아이패드 에어 5 256GB 내놓아요,사용감 심함,327000,경기 성남시,2026-05-13
1795,화장품·향수,나스 래디언트 크리미 컨실러,나스 래디언트 크리미 컨실러 판매해요,사용감 있음,22500,경기 용인시,2026-06-02
1741,화장품·향수,입생로랑 루쥬 볼립테 립스틱,입생로랑 루쥬 볼립테 립스틱 정품 백화점 구매 정리합니다,사용감 거의 없음,35200,부산 해운대구,2026-06-07
1191,전자기기,갤럭시 버즈3,갤럭시 버즈3 거의새것 판매합니다 (에누리가능),미사용,114000,서울 강남구,2026-05-15
1509,생활·레저,스탠리 텀블러,스탠리 텀블러 내놓아요,사용감 있음,20300,서울 송파구,2026-06-06
2078,명품,티파니 1837 목걸이,티파니 1837 목걸이 정품 영수증 有 양도합니다,사용감 거의 없음,385000,경기 성남시,2026-06-08
1772,화장품·향수,톰포드 립스틱,톰포드 립스틱 양도해요,사용감 있음,40600,대전 유성구,2026-05-14
1451,가전,삼성 비스포크 큐브 냉장고,삼성 비스포크 큐브 냉장고 미개봉급 내놓아요 (쿨거래시 네고),미사용,324000,서울 노원구,2026-05-30
1815,화장품·향수,랑콤 제니피끄 세럼 50ml,랑콤 제니피끄 세럼 50ml 판매해요,눈에 띄는 흔적 없음,86200,대구 수성구,2026-06-08
2033,명품,롤렉스 데이트저스트 36,롤렉스 데이트저스트 36 보증서 O 양도합니다,사용감 있음,8090000,서울 노원구,2026-05-06
1260,전자기기,맥북 에어 M2,맥북 에어 M2 미개봉급 내놓아요,사용감 거의 없음,1020000,인천 부평구,2026-05-12
1984,명품,셀린느 트리오페백,셀린느 트리오페백 정품 판매합니다,사용감 있음,1880000,서울 송파구,2026-05-20
1792,화장품·향수,나스 래디언트 크리미 컨실러,나스 래디언트 크리미 컨실러 판매해요,사용감 있음,21300,경기 고양시,2026-05-26
1481,생활·레저,헬리녹스 체어원,헬리녹스 체어원 S급 판매합니다 (에누리가능),사용감 거의 없음,102000,경기 수원시,2026-05-26
1748,화장품·향수,입생로랑 루쥬 볼립테 립스틱,입생로랑 루쥬 볼립테 립스틱 미개봉 양도해요,사용감 거의 없음,34900,경기 수원시,2026-05-02
2066,명품,까르띠에 러브링,까르띠에 러브링 정품 판매합니다,눈에 띄는 흔적 없음,2020000,광주 서구,2026-05-12
1884,명품,구찌 마몽 숄더백,구찌 마몽 숄더백 판매합니다,사용감 심함,909000,대전 유성구,2026-05-07
1819,화장품·향수,랑콤 제니피끄 세럼 50ml,랑콤 제니피끄 세럼 50ml 정리합니다,사용감 있음,76100,서울 강서구,2026-05-03
1924,명품,에르메스 가든파티 36,에르메스 가든파티 36 풀구성 양도합니다,눈에 띄는 흔적 없음,2930000,대구 수성구,2026-06-08
1054,전자기기,아이폰 14,아이폰 14 256GB 팝니다,사용감 있음,525000,서울 노원구,2026-05-19
1910,명품,에르메스 가든파티 36,에르메스 가든파티 36 정품 정리합니다,눈에 띄는 흔적 없음,2800000,경기 안성시,2026-06-03
1335,전자기기,플레이스테이션 5,플레이스테이션 5 판매합니다,사용감 있음,408000,경기 성남시,2026-05-11
1152,전자기기,에어팟 프로 2,에어팟 프로 2 판매합니다,눈에 띄는 흔적 없음,189000,서울 송파구,2026-05-11
1871,명품,샤넬 클래식 미디움 플랩백,샤넬 클래식 미디움 플랩백 감정 가능 양도합니다,사용감 있음,8580000,대구 수성구,2026-06-08
1728,화장품·향수,SK-II 페이셜 트리트먼트 에센스 230ml,SK-II 페이셜 트리트먼트 에센스 230ml 1~2회 사용 판매해요,사용감 거의 없음,171000,서울 노원구,2026-05-07
2063,명품,까르띠에 러브링,까르띠에 러브링 풀구성 양도합니다,미사용,2240000,경기 안성시,2026-06-09
1250,전자기기,맥북 에어 M2,맥북 에어 M2 거의새것 팝니다 (에누리가능),사용감 거의 없음,978000,경기 용인시,2026-05-29
1439,가전,삼성 비스포크 큐브 냉장고,삼성 비스포크 큐브 냉장고 판매합니다 (직거래 환영),사용감 있음,206000,서울 강서구,2026-05-06
1917,명품,에르메스 가든파티 36,에르메스 가든파티 36 정리합니다,미사용,3360000,인천 부평구,2026-05-05
1383,가전,다이슨 청소기 V11,다이슨 청소기 V11 S급 정리합니다,사용감 거의 없음,369000,서울 송파구,2026-05-11
2079,명품,티파니 1837 목걸이,티파니 1837 목걸이 정품 정리합니다,미사용,541000,대전 유성구,2026-05-07
1789,화장품·향수,나스 래디언트 크리미 컨실러,나스 래디언트 크리미 컨실러 선물받은 새것 양도해요,사용감 거의 없음,25200,서울 강남구,2026-05-26
1194,전자기기,갤럭시 버즈3,갤럭시 버즈3 정리합니다,눈에 띄는 흔적 없음,98400,부산 해운대구,2026-05-04
1133,전자기기,갤럭시 Z플립5,갤럭시 Z플립5 256GB S급 내놓아요,미사용,699000,광주 서구,2026-06-01
1147,전자기기,갤럭시 Z플립5,갤럭시 Z플립5 256GB 판매합니다,사용감 심함,379000,경기 성남시,2026-05-28
1121,전자기기,갤럭시 S24,갤럭시 S24 256GB S급 정리합니다 (쿨거래시 네고),사용감 거의 없음,729000,경기 용인시,2026-05-03
1701,화장품·향수,헤라 블랙쿠션,헤라 블랙쿠션 양도해요,눈에 띄는 흔적 없음,37100,대구 수성구,2026-06-08
1444,가전,삼성 비스포크 큐브 냉장고,삼성 비스포크 큐브 냉장고 미개봉급 팝니다,사용감 거의 없음,291000,경기 수원시,2026-05-25
1175,전자기기,에어팟 4,에어팟 4 내놓아요,눈에 띄는 흔적 없음,111000,부산 해운대구,2026-06-03
1381,가전,다이슨 청소기 V11,다이슨 청소기 V11 내놓아요 (직거래 환영),눈에 띄는 흔적 없음,298000,서울 강서구,2026-05-02
1378,가전,다이슨 청소기 V11,다이슨 청소기 V11 미개봉급 팝니다,사용감 거의 없음,357000,대구 수성구,2026-05-10
1245,전자기기,아이패드 에어 5,아이패드 에어 5 512GB 팝니다,사용감 심함,319000,경기 고양시,2026-06-11
1467,생활·레저,헬리녹스 체어원,헬리녹스 체어원 거의새것 내놓아요 (직거래 환영),사용감 거의 없음,79200,경기 안성시,2026-05-18
1312,전자기기,닌텐도 스위치 OLED,닌텐도 스위치 OLED 미개봉급 판매합니다,사용감 거의 없음,299000,경기 성남시,2026-05-22
1903,명품,에르메스 가든파티 36,에르메스 가든파티 36 더스트백 포함 양도합니다,사용감 거의 없음,2710000,경기 안성시,2026-05-04
2042,명품,롤렉스 데이트저스트 36,롤렉스 데이트저스트 36 풀구성 정리합니다,사용감 있음,8360000,경기 수원시,2026-05-22
1817,화장품·향수,랑콤 제니피끄 세럼 50ml,랑콤 제니피끄 세럼 50ml 판매해요,사용감 있음,72200,경기 고양시,2026-06-15
1388,가전,다이슨 청소기 V11,다이슨 청소기 V11 S급 내놓아요 (직거래 환영),미사용,364000,서울 강남구,2026-05-15
1642,화장품·향수,에스티로더 더블웨어 파운데이션,에스티로더 더블웨어 파운데이션 정리합니다,사용감 있음,40700,경기 안성시,2026-06-16
1021,전자기기,아이폰 13,아이폰 13 256GB 판매합니다,사용감 심함,306000,경기 성남시,2026-06-12
1670,화장품·향수,설화수 자음생크림,설화수 자음생크림 정리합니다,눈에 띄는 흔적 없음,124000,대구 수성구,2026-06-12
1558,화장품·향수,조 말론 우드세이지 앤 씨솔트 100ml,조 말론 우드세이지 앤 씨솔트 100ml 판매해요,사용감 있음,104000,경기 성남시,2026-05-19
1180,전자기기,에어팟 4,에어팟 4 정리합니다,사용감 있음,101000,서울 노원구,2026-05-19
1022,전자기기,아이폰 13,아이폰 13 128GB 판매합니다,눈에 띄는 흔적 없음,415000,경기 용인시,2026-06-13
1611,화장품·향수,디올 어딕트 립 글로우,디올 어딕트 립 글로우 판매해요,눈에 띄는 흔적 없음,29300,경기 안성시,2026-05-10
1182,전자기기,에어팟 4,에어팟 4 판매합니다 (직거래 환영),사용감 있음,110000,경기 수원시,2026-06-10
2002,명품,발렌시아가 시티백,발렌시아가 시티백 감정 가능 양도합니다,사용감 거의 없음,972000,경기 안성시,2026-06-16
1669,화장품·향수,설화수 자음생크림,설화수 자음생크림 미개봉 정리합니다,미사용,147000,경기 용인시,2026-06-05
1560,화장품·향수,조 말론 우드세이지 앤 씨솔트 100ml,조 말론 우드세이지 앤 씨솔트 100ml 정리합니다,사용감 있음,104000,서울 마포구,2026-05-26
1268,전자기기,맥북 에어 M2,맥북 에어 M2 판매합니다 (급처),사용감 심함,596000,경기 성남시,2026-06-10
1591,화장품·향수,디올 소바쥬 오 드 뚜왈렛 100ml,디올 소바쥬 오 드 뚜왈렛 100ml 양도해요,눈에 띄는 흔적 없음,93400,서울 노원구,2026-06-11
1178,전자기기,에어팟 4,에어팟 4 정리합니다 (직거래 환영),사용감 있음,110000,부산 해운대구,2026-06-14
1290,전자기기,애플워치 SE 2세대,애플워치 SE 2세대 S급 내놓아요,사용감 거의 없음,270000,경기 수원시,2026-06-01
2034,명품,롤렉스 데이트저스트 36,롤렉스 데이트저스트 36 보증서 O 정리합니다,눈에 띄는 흔적 없음,10440000,서울 마포구,2026-05-04
2052,명품,까르띠에 러브링,까르띠에 러브링 양도합니다,눈에 띄는 흔적 없음,1780000,경기 고양시,2026-05-20
1883,명품,구찌 마몽 숄더백,구찌 마몽 숄더백 더스트백 포함 양도합니다,사용감 거의 없음,1160000,경기 성남시,2026-05-18
1761,화장품·향수,톰포드 립스틱,톰포드 립스틱 정리합니다,사용감 심함,33100,서울 강서구,2026-05-03
2074,명품,티파니 1837 목걸이,티파니 1837 목걸이 정품 영수증 有 양도합니다,사용감 있음,349000,인천 부평구,2026-05-02
1750,화장품·향수,입생로랑 루쥬 볼립테 립스틱,입생로랑 루쥬 볼립테 립스틱 미개봉 양도해요,사용감 거의 없음,31000,부산 해운대구,2026-05-31
1450,가전,삼성 비스포크 큐브 냉장고,삼성 비스포크 큐브 냉장고 내놓아요 (급처),눈에 띄는 흔적 없음,260000,부산 해운대구,2026-05-24
1297,전자기기,애플워치 SE 2세대,애플워치 SE 2세대 거의새것 내놓아요 (직거래 환영),사용감 거의 없음,239000,서울 노원구,2026-05-23
1978,명품,셀린느 트리오페백,셀린느 트리오페백 더스트백 포함 정리합니다,사용감 있음,1900000,부산 해운대구,2026-05-07
2016,명품,발렌시아가 시티백,발렌시아가 시티백 풀구성 정리합니다,눈에 띄는 흔적 없음,764000,경기 안성시,2026-05-08
1969,명품,셀린느 트리오페백,셀린느 트리오페백 판매합니다,사용감 있음,1920000,경기 안성시,2026-06-12
1030,전자기기,아이폰 14,아이폰 14 512GB 정리합니다 (택포),눈에 띄는 흔적 없음,598000,경기 성남시,2026-05-12
1671,화장품·향수,설화수 자음생크림,설화수 자음생크림 판매해요,사용감 있음,97300,대전 유성구,2026-05-12
1075,전자기기,아이폰 15,아이폰 15 512GB 미개봉급 판매합니다,미사용,961000,대전 유성구,2026-06-10
1677,화장품·향수,설화수 자음생크림,설화수 자음생크림 정리합니다,눈에 띄는 흔적 없음,126000,서울 강남구,2026-05-24
1829,화장품·향수,랑콤 제니피끄 세럼 50ml,랑콤 제니피끄 세럼 50ml 정리합니다,사용감 심함,65100,서울 강서구,2026-06-14
1006,전자기기,아이폰 13,아이폰 13 512GB 내놓아요 (택포),사용감 있음,412000,경기 성남시,2026-05-18
1188,전자기기,갤럭시 버즈3,갤럭시 버즈3 미개봉급 판매합니다 (에누리가능),사용감 거의 없음,95300,대전 유성구,2026-05-08
1409,가전,발뮤다 토스터,발뮤다 토스터 내놓아요 (쿨거래시 네고),사용감 있음,156000,경기 용인시,2026-05-08
1210,전자기기,아이패드 9세대,아이패드 9세대 256GB S급 내놓아요,사용감 거의 없음,273000,경기 안성시,2026-06-01
1384,가전,다이슨 청소기 V11,다이슨 청소기 V11 거의새것 내놓아요 (택포),사용감 거의 없음,334000,경기 성남시,2026-05-22
1603,화장품·향수,디올 어딕트 립 글로우,디올 어딕트 립 글로우 잔량 90%+ 양도해요,사용감 거의 없음,36300,경기 고양시,2026-06-05
1945,명품,디올 레이디백 미디움,디올 레이디백 미디움 정품 정리합니다,사용감 있음,4060000,서울 노원구,2026-05-15
1721,화장품·향수,SK-II 페이셜 트리트먼트 에센스 230ml,SK-II 페이셜 트리트먼트 에센스 230ml 정품 백화점 구매 정리합니다,사용감 거의 없음,175000,광주 서구,2026-06-11
1218,전자기기,아이패드 9세대,아이패드 9세대 256GB 내놓아요,눈에 띄는 흔적 없음,213000,서울 노원구,2026-05-13
1765,화장품·향수,톰포드 립스틱,톰포드 립스틱 판매해요,사용감 있음,35000,경기 고양시,2026-05-07
1235,전자기기,아이패드 에어 5,아이패드 에어 5 128GB 미개봉급 정리합니다,미사용,553000,경기 고양시,2026-05-03
1228,전자기기,아이패드 9세대,아이패드 9세대 256GB 내놓아요,사용감 있음,184000,경기 안성시,2026-05-22
1003,전자기기,아이폰 13,아이폰 13 512GB 내놓아요,눈에 띄는 흔적 없음,422000,경기 고양시,2026-05-25
1224,전자기기,아이패드 9세대,아이패드 9세대 128GB 팝니다,눈에 띄는 흔적 없음,215000,서울 강남구,2026-05-18
1764,화장품·향수,톰포드 립스틱,톰포드 립스틱 정리합니다,눈에 띄는 흔적 없음,49600,경기 성남시,2026-06-05
1043,전자기기,아이폰 14,아이폰 14 512GB 정리합니다,눈에 띄는 흔적 없음,626000,경기 고양시,2026-05-25
1465,생활·레저,헬리녹스 체어원,헬리녹스 체어원 팝니다 (급처),눈에 띄는 흔적 없음,83000,광주 서구,2026-05-14
1107,전자기기,갤럭시 S23,갤럭시 S23 512GB 거의새것 팝니다,사용감 거의 없음,495000,경기 수원시,2026-05-09
1166,전자기기,에어팟 프로 2,에어팟 프로 2 내놓아요,눈에 띄는 흔적 없음,176000,서울 마포구,2026-06-13
1878,명품,구찌 마몽 숄더백,구찌 마몽 숄더백 정리합니다,눈에 띄는 흔적 없음,1030000,부산 해운대구,2026-06-12
1428,가전,LG 스타일러,LG 스타일러 판매합니다,눈에 띄는 흔적 없음,654000,서울 강서구,2026-05-02
1306,전자기기,애플워치 SE 2세대,애플워치 SE 2세대 정리합니다 (택포),사용감 심함,171000,경기 수원시,2026-06-06
1343,전자기기,플레이스테이션 5,플레이스테이션 5 S급 팝니다 (택포),미사용,549000,경기 용인시,2026-05-03
1807,화장품·향수,랑콤 제니피끄 세럼 50ml,랑콤 제니피끄 세럼 50ml 정리합니다,사용감 있음,71600,서울 노원구,2026-05-10
1898,명품,에르메스 가든파티 36,에르메스 가든파티 36 보증서 O 정리합니다,눈에 띄는 흔적 없음,3060000,광주 서구,2026-06-02
2087,명품,티파니 1837 목걸이,티파니 1837 목걸이 정리합니다,사용감 있음,380000,부산 해운대구,2026-05-22
1478,생활·레저,헬리녹스 체어원,헬리녹스 체어원 내놓아요,사용감 심함,63400,서울 마포구,2026-05-29
1893,명품,구찌 마몽 숄더백,구찌 마몽 숄더백 보증서 O 양도합니다,사용감 있음,1030000,서울 노원구,2026-05-26
1193,전자기기,갤럭시 버즈3,갤럭시 버즈3 거의새것 내놓아요 (택포),사용감 거의 없음,107000,대구 수성구,2026-05-10
1904,명품,에르메스 가든파티 36,에르메스 가든파티 36 판매합니다,눈에 띄는 흔적 없음,2360000,경기 용인시,2026-06-15
1070,전자기기,아이폰 15,아이폰 15 256GB 판매합니다,사용감 있음,709000,서울 강남구,2026-06-11
1206,전자기기,아이패드 9세대,아이패드 9세대 256GB 판매합니다 (택포),사용감 심함,145000,경기 고양시,2026-05-14
1205,전자기기,아이패드 9세대,아이패드 9세대 256GB 정리합니다 (택포),눈에 띄는 흔적 없음,243000,경기 성남시,2026-05-14
1820,화장품·향수,랑콤 제니피끄 세럼 50ml,랑콤 제니피끄 세럼 50ml 양도해요,눈에 띄는 흔적 없음,85700,인천 부평구,2026-05-12
1352,전자기기,플레이스테이션 5,플레이스테이션 5 팝니다 (급처),사용감 심함,310000,경기 고양시,2026-05-28
1432,가전,LG 스타일러,LG 스타일러 내놓아요,사용감 있음,557000,대구 수성구,2026-05-12
1719,화장품·향수,SK-II 페이셜 트리트먼트 에센스 230ml,SK-II 페이셜 트리트먼트 에센스 230ml 양도해요,사용감 있음,125000,서울 노원구,2026-05-15
1775,화장품·향수,톰포드 립스틱,톰포드 립스틱 판매해요,사용감 있음,40000,대전 유성구,2026-05-13
1519,생활·레저,삼천리 하이브리드 자전거,삼천리 하이브리드 자전거 내놓아요 (직거래 환영),눈에 띄는 흔적 없음,149000,광주 서구,2026-06-11
1243,전자기기,아이패드 에어 5,아이패드 에어 5 256GB 판매합니다,사용감 있음,379000,서울 송파구,2026-05-02
1058,전자기기,아이폰 15,아이폰 15 128GB 팝니다,사용감 있음,702000,경기 고양시,2026-05-20
1148,전자기기,갤럭시 Z플립5,갤럭시 Z플립5 512GB 미개봉급 판매합니다,사용감 거의 없음,652000,대전 유성구,2026-05-25
1997,명품,생로랑 루루백,생로랑 루루백 판매합니다,미사용,2140000,서울 강서구,2026-06-03
1766,화장품·향수,톰포드 립스틱,톰포드 립스틱 판매해요,사용감 있음,43400,경기 안성시,2026-05-21
1855,명품,루이비통 네버풀 MM,루이비통 네버풀 MM 정품 영수증 有 양도합니다,사용감 거의 없음,1600000,경기 안성시,2026-05-17
1377,가전,다이슨 청소기 V11,다이슨 청소기 V11 내놓아요 (쿨거래시 네고),사용감 있음,266000,서울 노원구,2026-06-16
1298,전자기기,애플워치 SE 2세대,애플워치 SE 2세대 판매합니다 (직거래 환영),사용감 심함,164000,경기 용인시,2026-05-25
1351,전자기기,플레이스테이션 5,플레이스테이션 5 S급 내놓아요 (택포),사용감 거의 없음,538000,광주 서구,2026-05-30
1990,명품,생로랑 루루백,생로랑 루루백 더스트백 포함 판매합니다,사용감 있음,1520000,경기 수원시,2026-06-03
1316,전자기기,닌텐도 스위치 OLED,닌텐도 스위치 OLED 정리합니다,눈에 띄는 흔적 없음,277000,대구 수성구,2026-05-09
1480,생활·레저,헬리녹스 체어원,헬리녹스 체어원 팝니다 (에누리가능),사용감 있음,65600,대전 유성구,2026-05-06
1150,전자기기,갤럭시 Z플립5,갤럭시 Z플립5 256GB 내놓아요 (직거래 환영),사용감 있음,494000,경기 용인시,2026-05-03
1149,전자기기,갤럭시 Z플립5,갤럭시 Z플립5 512GB 거의새것 판매합니다,사용감 거의 없음,646000,광주 서구,2026-05-08
1554,화장품·향수,조 말론 우드세이지 앤 씨솔트 100ml,조 말론 우드세이지 앤 씨솔트 100ml 정리합니다,사용감 심함,86500,경기 용인시,2026-05-14
1597,화장품·향수,디올 소바쥬 오 드 뚜왈렛 100ml,디올 소바쥬 오 드 뚜왈렛 100ml 양도해요,사용감 있음,83600,경기 고양시,2026-05-11
1737,화장품·향수,입생로랑 루쥬 볼립테 립스틱,입생로랑 루쥬 볼립테 립스틱 정리합니다,사용감 심함,20900,서울 노원구,2026-05-06
1841,명품,루이비통 네버풀 MM,루이비통 네버풀 MM 보증서 O 판매합니다,사용감 심함,1020000,경기 수원시,2026-05-30
1525,생활·레저,삼천리 하이브리드 자전거,삼천리 하이브리드 자전거 거의새것 판매합니다 (직거래 환영),사용감 거의 없음,177000,경기 용인시,2026-06-16
1446,가전,삼성 비스포크 큐브 냉장고,삼성 비스포크 큐브 냉장고 팝니다 (에누리가능),사용감 심함,183000,대구 수성구,2026-05-04
1598,화장품·향수,디올 소바쥬 오 드 뚜왈렛 100ml,디올 소바쥬 오 드 뚜왈렛 100ml 양도해요,눈에 띄는 흔적 없음,88900,서울 노원구,2026-06-01
1319,전자기기,닌텐도 스위치 OLED,닌텐도 스위치 OLED 정리합니다,사용감 있음,226000,경기 안성시,2026-05-11
1700,화장품·향수,헤라 블랙쿠션,헤라 블랙쿠션 판매해요,눈에 띄는 흔적 없음,36900,인천 부평구,2026-05-31
1957,명품,디올 레이디백 미디움,디올 레이디백 미디움 더스트백 포함 양도합니다,눈에 띄는 흔적 없음,4630000,서울 마포구,2026-05-16
1045,전자기기,아이폰 14,아이폰 14 256GB 팝니다,사용감 있음,507000,서울 마포구,2026-06-01
1140,전자기기,갤럭시 Z플립5,갤럭시 Z플립5 128GB 정리합니다,사용감 있음,517000,인천 부평구,2026-06-15
1248,전자기기,아이패드 에어 5,아이패드 에어 5 512GB 정리합니다,사용감 심함,320000,서울 송파구,2026-05-06
1190,전자기기,갤럭시 버즈3,갤럭시 버즈3 판매합니다,눈에 띄는 흔적 없음,97200,경기 안성시,2026-05-05
1928,명품,프라다 사피아노 토트백,프라다 사피아노 토트백 보증서 O 정리합니다,미사용,2000000,부산 해운대구,2026-06-12
1672,화장품·향수,설화수 자음생크림,설화수 자음생크림 선물받은 새것 정리합니다,사용감 거의 없음,129000,서울 마포구,2026-06-10
1492,생활·레저,스탠리 텀블러,스탠리 텀블러 판매합니다,사용감 있음,19900,서울 노원구,2026-05-12
1431,가전,LG 스타일러,LG 스타일러 내놓아요,사용감 심함,492000,서울 강서구,2026-05-31
1363,전자기기,로지텍 MX 마스터 3,로지텍 MX 마스터 3 판매합니다 (급처),눈에 띄는 흔적 없음,71300,서울 강남구,2026-05-17
1262,전자기기,맥북 에어 M2,맥북 에어 M2 판매합니다 (직거래 환영),사용감 심함,703000,서울 노원구,2026-05-17
1521,생활·레저,삼천리 하이브리드 자전거,삼천리 하이브리드 자전거 정리합니다 (쿨거래시 네고),사용감 있음,132000,서울 강서구,2026-05-25
1652,화장품·향수,맥 립스틱 루비우,맥 립스틱 루비우 양도해요,사용감 있음,14300,경기 용인시,2026-06-04
1129,전자기기,갤럭시 Z플립5,갤럭시 Z플립5 128GB 내놓아요,사용감 있음,503000,경기 성남시,2026-05-17
1586,화장품·향수,디올 소바쥬 오 드 뚜왈렛 100ml,디올 소바쥬 오 드 뚜왈렛 100ml 미개봉 정리합니다,미사용,103000,인천 부평구,2026-05-09
1810,화장품·향수,랑콤 제니피끄 세럼 50ml,랑콤 제니피끄 세럼 50ml 정리합니다,사용감 있음,79700,서울 강서구,2026-05-20
1607,화장품·향수,디올 어딕트 립 글로우,디올 어딕트 립 글로우 양도해요,사용감 있음,30000,부산 해운대구,2026-05-11
1069,전자기기,아이폰 15,아이폰 15 128GB 정리합니다 (에누리가능),사용감 있음,632000,경기 수원시,2026-05-27
1609,화장품·향수,디올 어딕트 립 글로우,디올 어딕트 립 글로우 미개봉 정리합니다,미사용,43900,경기 안성시,2026-05-13
1012,전자기기,아이폰 13,아이폰 13 512GB 팝니다,눈에 띄는 흔적 없음,475000,인천 부평구,2026-06-07
1105,전자기기,갤럭시 S23,갤럭시 S23 512GB 정리합니다 (급처),사용감 있음,401000,부산 해운대구,2026-06-16
1824,화장품·향수,랑콤 제니피끄 세럼 50ml,랑콤 제니피끄 세럼 50ml 양도해요,사용감 심함,57200,부산 해운대구,2026-05-14
1851,명품,루이비통 네버풀 MM,루이비통 네버풀 MM 풀구성 정리합니다,사용감 거의 없음,1650000,경기 수원시,2026-05-08
1601,화장품·향수,디올 어딕트 립 글로우,디올 어딕트 립 글로우 양도해요,눈에 띄는 흔적 없음,32300,서울 마포구,2026-06-01
1900,명품,에르메스 가든파티 36,에르메스 가든파티 36 보증서 O 정리합니다,사용감 있음,2480000,경기 고양시,2026-05-29
1762,화장품·향수,톰포드 립스틱,톰포드 립스틱 양도해요,사용감 있음,42700,대구 수성구,2026-05-27
1676,화장품·향수,설화수 자음생크림,설화수 자음생크림 정품 백화점 구매 정리합니다,미사용,154000,서울 강남구,2026-06-11
1026,전자기기,아이폰 14,아이폰 14 256GB S급 내놓아요,사용감 거의 없음,619000,경기 용인시,2026-06-08
1877,명품,구찌 마몽 숄더백,구찌 마몽 숄더백 감정 가능 판매합니다,사용감 거의 없음,1400000,서울 강서구,2026-05-18
1347,전자기기,플레이스테이션 5,플레이스테이션 5 내놓아요,사용감 있음,429000,서울 노원구,2026-05-18
1995,명품,생로랑 루루백,생로랑 루루백 감정 가능 판매합니다,사용감 거의 없음,1820000,대구 수성구,2026-05-03
1856,명품,루이비통 네버풀 MM,루이비통 네버풀 MM 정품 영수증 有 양도합니다,사용감 있음,1260000,서울 마포구,2026-05-06
1962,명품,디올 레이디백 미디움,디올 레이디백 미디움 보증서 O 양도합니다,미사용,5620000,부산 해운대구,2026-06-09
1438,가전,삼성 비스포크 큐브 냉장고,삼성 비스포크 큐브 냉장고 S급 팝니다 (에누리가능),사용감 거의 없음,289000,서울 노원구,2026-05-04
1964,명품,셀린느 트리오페백,셀린느 트리오페백 풀구성 정리합니다,눈에 띄는 흔적 없음,2150000,대구 수성구,2026-06-09
1393,가전,다이슨 청소기 V11,다이슨 청소기 V11 팝니다,사용감 있음,256000,인천 부평구,2026-06-13
1779,화장품·향수,나스 래디언트 크리미 컨실러,나스 래디언트 크리미 컨실러 미개봉 양도해요,미사용,28200,서울 강서구,2026-05-15
1010,전자기기,아이폰 13,아이폰 13 256GB 팝니다 (직거래 환영),사용감 있음,367000,경기 고양시,2026-05-06
1638,화장품·향수,에스티로더 더블웨어 파운데이션,에스티로더 더블웨어 파운데이션 정리합니다,사용감 있음,38900,경기 성남시,2026-05-17
2093,명품,티파니 1837 목걸이,티파니 1837 목걸이 양도합니다,사용감 심함,298000,서울 강남구,2026-06-05
1901,명품,에르메스 가든파티 36,에르메스 가든파티 36 풀구성 판매합니다,사용감 있음,2590000,경기 수원시,2026-05-18
1238,전자기기,아이패드 에어 5,아이패드 에어 5 256GB 팝니다,사용감 심함,317000,부산 해운대구,2026-05-28
1420,가전,LG 스타일러,LG 스타일러 미개봉급 내놓아요,사용감 거의 없음,709000,경기 수원시,2026-06-04
2085,명품,티파니 1837 목걸이,티파니 1837 목걸이 더스트백 포함 정리합니다,눈에 띄는 흔적 없음,461000,인천 부평구,2026-05-24
1098,전자기기,갤럭시 S23,갤럭시 S23 128GB 판매합니다,눈에 띄는 흔적 없음,440000,광주 서구,2026-06-11
1411,가전,발뮤다 토스터,발뮤다 토스터 팝니다,눈에 띄는 흔적 없음,198000,서울 강서구,2026-06-14
1390,가전,다이슨 청소기 V11,다이슨 청소기 V11 팝니다 (에누리가능),사용감 있음,256000,경기 안성시,2026-06-02
1301,전자기기,애플워치 SE 2세대,애플워치 SE 2세대 판매합니다 (직거래 환영),눈에 띄는 흔적 없음,244000,인천 부평구,2026-06-01
1773,화장품·향수,톰포드 립스틱,톰포드 립스틱 정리합니다,사용감 있음,39900,광주 서구,2026-06-03
1572,화장품·향수,디올 소바쥬 오 드 뚜왈렛 100ml,디올 소바쥬 오 드 뚜왈렛 100ml 정리합니다,사용감 심함,54400,인천 부평구,2026-05-04
1057,전자기기,아이폰 15,아이폰 15 256GB 팝니다 (급처),사용감 있음,633000,서울 강서구,2026-05-16
1104,전자기기,갤럭시 S23,갤럭시 S23 256GB S급 판매합니다,사용감 거의 없음,459000,대전 유성구,2026-05-03
2009,명품,발렌시아가 시티백,발렌시아가 시티백 양도합니다,사용감 거의 없음,1020000,서울 마포구,2026-05-18
1730,화장품·향수,SK-II 페이셜 트리트먼트 에센스 230ml,SK-II 페이셜 트리트먼트 에센스 230ml 양도해요,눈에 띄는 흔적 없음,154000,서울 마포구,2026-06-15
1727,화장품·향수,SK-II 페이셜 트리트먼트 에센스 230ml,SK-II 페이셜 트리트먼트 에센스 230ml 1~2회 사용 양도해요,사용감 거의 없음,174000,인천 부평구,2026-06-15
1920,명품,에르메스 가든파티 36,에르메스 가든파티 36 풀구성 양도합니다,사용감 심함,2050000,경기 수원시,2026-05-19
1308,전자기기,닌텐도 스위치 OLED,닌텐도 스위치 OLED 거의새것 팝니다,사용감 거의 없음,292000,서울 송파구,2026-05-09
1056,전자기기,아이폰 15,아이폰 15 128GB 미개봉급 판매합니다,사용감 거의 없음,897000,서울 강서구,2026-06-14
1452,가전,삼성 비스포크 큐브 냉장고,삼성 비스포크 큐브 냉장고 미개봉급 내놓아요,사용감 거의 없음,251000,경기 고양시,2026-05-09
1063,전자기기,아이폰 15,아이폰 15 128GB S급 정리합니다,사용감 거의 없음,823000,경기 고양시,2026-06-08
1796,화장품·향수,나스 래디언트 크리미 컨실러,나스 래디언트 크리미 컨실러 정리합니다,사용감 심함,16400,서울 강서구,2026-06-05
1797,화장품·향수,나스 래디언트 크리미 컨실러,나스 래디언트 크리미 컨실러 양도해요,사용감 있음,22600,서울 강남구,2026-05-18
1320,전자기기,닌텐도 스위치 OLED,닌텐도 스위치 OLED 팝니다 (에누리가능),사용감 심함,153000,부산 해운대구,2026-05-15
1386,가전,다이슨 청소기 V11,다이슨 청소기 V11 미개봉급 내놓아요,사용감 거의 없음,325000,경기 용인시,2026-06-03
1034,전자기기,아이폰 14,아이폰 14 128GB 내놓아요 (에누리가능),사용감 있음,521000,서울 송파구,2026-05-31
2014,명품,발렌시아가 시티백,발렌시아가 시티백 정품 정리합니다,사용감 있음,802000,서울 강남구,2026-05-09
1087,전자기기,갤럭시 S23,갤럭시 S23 128GB 거의새것 내놓아요,사용감 거의 없음,509000,서울 송파구,2026-06-14
1854,명품,루이비통 네버풀 MM,루이비통 네버풀 MM 감정 가능 판매합니다,눈에 띄는 흔적 없음,1630000,대구 수성구,2026-05-20
1592,화장품·향수,디올 소바쥬 오 드 뚜왈렛 100ml,디올 소바쥬 오 드 뚜왈렛 100ml 정리합니다,눈에 띄는 흔적 없음,93600,서울 강남구,2026-06-04
1457,생활·레저,헬리녹스 체어원,헬리녹스 체어원 판매합니다 (직거래 환영),사용감 있음,72900,경기 고양시,2026-05-26
1734,화장품·향수,입생로랑 루쥬 볼립테 립스틱,입생로랑 루쥬 볼립테 립스틱 양도해요,사용감 있음,24400,경기 용인시,2026-06-05
1097,전자기기,갤럭시 S23,갤럭시 S23 256GB 미개봉급 판매합니다,사용감 거의 없음,482000,서울 강서구,2026-05-13
1449,가전,삼성 비스포크 큐브 냉장고,삼성 비스포크 큐브 냉장고 정리합니다,눈에 띄는 흔적 없음,241000,서울 강남구,2026-05-04
1634,화장품·향수,에스티로더 더블웨어 파운데이션,에스티로더 더블웨어 파운데이션 판매해요,눈에 띄는 흔적 없음,42400,서울 강남구,2026-06-06
1614,화장품·향수,디올 어딕트 립 글로우,디올 어딕트 립 글로우 양도해요,눈에 띄는 흔적 없음,36900,부산 해운대구,2026-05-22
1074,전자기기,아이폰 15,아이폰 15 256GB 정리합니다,사용감 심함,404000,경기 성남시,2026-05-04
1242,전자기기,아이패드 에어 5,아이패드 에어 5 512GB 팝니다 (쿨거래시 네고),사용감 심함,341000,경기 성남시,2026-05-08
1532,생활·레저,삼천리 하이브리드 자전거,삼천리 하이브리드 자전거 미개봉급 팝니다 (택포),사용감 거의 없음,171000,서울 강남구,2026-05-13
1341,전자기기,플레이스테이션 5,플레이스테이션 5 거의새것 팝니다 (택포),사용감 거의 없음,404000,경기 수원시,2026-05-30
2038,명품,롤렉스 데이트저스트 36,롤렉스 데이트저스트 36 풀구성 양도합니다,사용감 있음,8450000,서울 송파구,2026-05-20
1348,전자기기,플레이스테이션 5,플레이스테이션 5 정리합니다 (택포),눈에 띄는 흔적 없음,460000,경기 안성시,2026-06-03
1244,전자기기,아이패드 에어 5,아이패드 에어 5 512GB 미개봉급 정리합니다,미사용,577000,서울 노원구,2026-05-21
2023,명품,발렌시아가 시티백,발렌시아가 시티백 감정 가능 판매합니다,눈에 띄는 흔적 없음,943000,서울 마포구,2026-05-16
1110,전자기기,갤럭시 S23,갤럭시 S23 512GB 팝니다,눈에 띄는 흔적 없음,451000,경기 성남시,2026-06-04
2084,명품,티파니 1837 목걸이,티파니 1837 목걸이 감정 가능 판매합니다,사용감 있음,401000,서울 마포구,2026-05-02
1951,명품,디올 레이디백 미디움,디올 레이디백 미디움 풀구성 양도합니다,사용감 거의 없음,5000000,경기 용인시,2026-05-19
1749,화장품·향수,입생로랑 루쥬 볼립테 립스틱,입생로랑 루쥬 볼립테 립스틱 잔량 90%+ 판매해요,사용감 거의 없음,34300,서울 강서구,2026-05-07
1833,명품,루이비통 네버풀 MM,루이비통 네버풀 MM 정리합니다,사용감 거의 없음,1380000,서울 송파구,2026-06-05
1606,화장품·향수,디올 어딕트 립 글로우,디올 어딕트 립 글로우 양도해요,사용감 심함,20800,경기 안성시,2026-06-14
1024,전자기기,아이폰 13,아이폰 13 128GB 판매합니다 (에누리가능),눈에 띄는 흔적 없음,452000,경기 안성시,2026-05-21
1771,화장품·향수,톰포드 립스틱,톰포드 립스틱 선물받은 새것 양도해요,미사용,53500,부산 해운대구,2026-05-18
1491,생활·레저,스탠리 텀블러,스탠리 텀블러 정리합니다 (에누리가능),눈에 띄는 흔적 없음,26600,경기 고양시,2026-05-16
1028,전자기기,아이폰 14,아이폰 14 128GB 정리합니다,사용감 있음,558000,경기 성남시,2026-06-01
1099,전자기기,갤럭시 S23,갤럭시 S23 256GB 정리합니다,사용감 있음,392000,서울 송파구,2026-06-05
1836,명품,루이비통 네버풀 MM,루이비통 네버풀 MM 감정 가능 정리합니다,눈에 띄는 흔적 없음,1650000,서울 송파구,2026-06-01
1641,화장품·향수,에스티로더 더블웨어 파운데이션,에스티로더 더블웨어 파운데이션 양도해요,눈에 띄는 흔적 없음,47000,서울 강남구,2026-05-17
1064,전자기기,아이폰 15,아이폰 15 256GB S급 팝니다,사용감 거의 없음,838000,인천 부평구,2026-05-18
1318,전자기기,닌텐도 스위치 OLED,닌텐도 스위치 OLED 판매합니다,사용감 있음,254000,광주 서구,2026-06-11
1337,전자기기,플레이스테이션 5,플레이스테이션 5 판매합니다,눈에 띄는 흔적 없음,465000,부산 해운대구,2026-05-24
1168,전자기기,에어팟 프로 2,에어팟 프로 2 팝니다 (에누리가능),사용감 심함,112000,대구 수성구,2026-05-11
1201,전자기기,갤럭시 버즈3,갤럭시 버즈3 거의새것 정리합니다 (급처),사용감 거의 없음,103000,경기 고양시,2026-06-06
1255,전자기기,맥북 에어 M2,맥북 에어 M2 팝니다,눈에 띄는 흔적 없음,912000,대전 유성구,2026-05-17
1076,전자기기,아이폰 15,아이폰 15 128GB 내놓아요 (에누리가능),사용감 있음,651000,경기 용인시,2026-05-24
1971,명품,셀린느 트리오페백,셀린느 트리오페백 보증서 O 정리합니다,사용감 있음,1920000,서울 마포구,2026-05-23
1706,화장품·향수,헤라 블랙쿠션,헤라 블랙쿠션 판매해요,사용감 심함,23800,경기 성남시,2026-06-14
1231,전자기기,아이패드 에어 5,아이패드 에어 5 256GB 정리합니다,눈에 띄는 흔적 없음,495000,경기 수원시,2026-05-10
1025,전자기기,아이폰 13,아이폰 13 512GB 판매합니다 (택포),눈에 띄는 흔적 없음,452000,서울 노원구,2026-05-04
1585,화장품·향수,디올 소바쥬 오 드 뚜왈렛 100ml,디올 소바쥬 오 드 뚜왈렛 100ml 정품 백화점 구매 정리합니다,사용감 거의 없음,83900,인천 부평구,2026-06-07
1880,명품,구찌 마몽 숄더백,구찌 마몽 숄더백 양도합니다,사용감 거의 없음,1350000,서울 강서구,2026-05-21
1342,전자기기,플레이스테이션 5,플레이스테이션 5 판매합니다 (에누리가능),눈에 띄는 흔적 없음,524000,서울 강서구,2026-05-04
1199,전자기기,갤럭시 버즈3,갤럭시 버즈3 판매합니다,사용감 있음,79600,서울 마포구,2026-05-30
1401,가전,발뮤다 토스터,발뮤다 토스터 내놓아요,사용감 심함,117000,경기 용인시,2026-05-23
1005,전자기기,아이폰 13,아이폰 13 128GB 팝니다,사용감 심함,301000,서울 마포구,2026-06-12
1323,전자기기,닌텐도 스위치 OLED,닌텐도 스위치 OLED 거의새것 정리합니다 (택포),사용감 거의 없음,304000,서울 강남구,2026-05-19
1459,생활·레저,헬리녹스 체어원,헬리녹스 체어원 판매합니다,사용감 있음,76900,경기 성남시,2026-05-10
1784,화장품·향수,나스 래디언트 크리미 컨실러,나스 래디언트 크리미 컨실러 판매해요,사용감 심함,16000,대전 유성구,2026-05-28
1430,가전,LG 스타일러,LG 스타일러 S급 판매합니다 (에누리가능),사용감 거의 없음,829000,경기 성남시,2026-06-04
1816,화장품·향수,랑콤 제니피끄 세럼 50ml,랑콤 제니피끄 세럼 50ml 양도해요,눈에 띄는 흔적 없음,97800,경기 용인시,2026-06-07
1048,전자기기,아이폰 14,아이폰 14 128GB 내놓아요 (쿨거래시 네고),눈에 띄는 흔적 없음,653000,인천 부평구,2026-05-31
1229,전자기기,아이패드 9세대,아이패드 9세대 128GB 판매합니다 (택포),사용감 있음,187000,서울 노원구,2026-05-15
1738,화장품·향수,입생로랑 루쥬 볼립테 립스틱,입생로랑 루쥬 볼립테 립스틱 잔량 90%+ 정리합니다,미사용,33300,대구 수성구,2026-06-14
1044,전자기기,아이폰 14,아이폰 14 256GB S급 팝니다,사용감 거의 없음,705000,경기 안성시,2026-06-05
1529,생활·레저,삼천리 하이브리드 자전거,삼천리 하이브리드 자전거 판매합니다,눈에 띄는 흔적 없음,147000,대전 유성구,2026-06-09
1370,전자기기,로지텍 MX 마스터 3,로지텍 MX 마스터 3 내놓아요,사용감 있음,57600,경기 수원시,2026-06-15
1507,생활·레저,스탠리 텀블러,스탠리 텀블러 정리합니다,눈에 띄는 흔적 없음,25200,서울 강서구,2026-05-05
1477,생활·레저,헬리녹스 체어원,헬리녹스 체어원 판매합니다,눈에 띄는 흔적 없음,90800,서울 마포구,2026-05-15
1530,생활·레저,삼천리 하이브리드 자전거,삼천리 하이브리드 자전거 거의새것 판매합니다 (택포),미사용,161000,대전 유성구,2026-05-25
1843,명품,루이비통 네버풀 MM,루이비통 네버풀 MM 정품 판매합니다,눈에 띄는 흔적 없음,1570000,서울 강남구,2026-05-12
1124,전자기기,갤럭시 S24,갤럭시 S24 128GB 미개봉급 내놓아요,미사용,675000,서울 송파구,2026-06-08
1790,화장품·향수,나스 래디언트 크리미 컨실러,나스 래디언트 크리미 컨실러 정품 백화점 구매 판매해요,사용감 거의 없음,27100,서울 마포구,2026-06-10
1998,명품,생로랑 루루백,생로랑 루루백 정품 양도합니다,눈에 띄는 흔적 없음,1660000,경기 용인시,2026-05-06
1922,명품,에르메스 가든파티 36,에르메스 가든파티 36 판매합니다,사용감 거의 없음,2950000,서울 강서구,2026-05-14
1330,전자기기,플레이스테이션 5,플레이스테이션 5 거의새것 판매합니다,사용감 거의 없음,540000,경기 안성시,2026-05-08
1053,전자기기,아이폰 14,아이폰 14 256GB 판매합니다 (직거래 환영),사용감 있음,552000,인천 부평구,2026-05-28
1665,화장품·향수,설화수 자음생크림,설화수 자음생크림 미개봉 양도해요,미사용,140000,경기 고양시,2026-05-31
1689,화장품·향수,헤라 블랙쿠션,헤라 블랙쿠션 잔량 90%+ 판매해요,사용감 거의 없음,38500,서울 강남구,2026-05-11
2067,명품,까르띠에 러브링,까르띠에 러브링 정품 영수증 有 양도합니다,사용감 거의 없음,1960000,경기 고양시,2026-05-29
1437,가전,삼성 비스포크 큐브 냉장고,삼성 비스포크 큐브 냉장고 S급 내놓아요,미사용,297000,경기 수원시,2026-05-24
2061,명품,까르띠에 러브링,까르띠에 러브링 더스트백 포함 정리합니다,눈에 띄는 흔적 없음,2020000,서울 강남구,2026-05-16
1464,생활·레저,헬리녹스 체어원,헬리녹스 체어원 판매합니다,눈에 띄는 흔적 없음,89800,경기 고양시,2026-06-16
1573,화장품·향수,디올 소바쥬 오 드 뚜왈렛 100ml,디올 소바쥬 오 드 뚜왈렛 100ml 양도해요,눈에 띄는 흔적 없음,74000,서울 노원구,2026-06-02
1697,화장품·향수,헤라 블랙쿠션,헤라 블랙쿠션 판매해요,눈에 띄는 흔적 없음,33100,서울 강남구,2026-06-02
1258,전자기기,맥북 에어 M2,맥북 에어 M2 거의새것 팝니다 (쿨거래시 네고),미사용,1140000,부산 해운대구,2026-05-11
1629,화장품·향수,에스티로더 더블웨어 파운데이션,에스티로더 더블웨어 파운데이션 판매해요,눈에 띄는 흔적 없음,45000,경기 고양시,2026-06-15
1545,화장품·향수,샤넬 No.5 오 드 퍼퓸 100ml,샤넬 No.5 오 드 퍼퓸 100ml 정리합니다,사용감 심함,82500,광주 서구,2026-06-15
1788,화장품·향수,나스 래디언트 크리미 컨실러,나스 래디언트 크리미 컨실러 양도해요,눈에 띄는 흔적 없음,24400,대전 유성구,2026-05-02
1709,화장품·향수,SK-II 페이셜 트리트먼트 에센스 230ml,SK-II 페이셜 트리트먼트 에센스 230ml 판매해요,사용감 있음,124000,경기 고양시,2026-05-26
1023,전자기기,아이폰 13,아이폰 13 128GB 팝니다,눈에 띄는 흔적 없음,456000,서울 강서구,2026-05-16
2092,명품,티파니 1837 목걸이,티파니 1837 목걸이 정품 영수증 有 양도합니다,사용감 심함,298000,서울 강남구,2026-06-07
1840,명품,루이비통 네버풀 MM,루이비통 네버풀 MM 정리합니다,사용감 거의 없음,1650000,경기 안성시,2026-06-10
1280,전자기기,애플워치 SE 2세대,애플워치 SE 2세대 정리합니다,눈에 띄는 흔적 없음,238000,서울 노원구,2026-05-24
1746,화장품·향수,입생로랑 루쥬 볼립테 립스틱,입생로랑 루쥬 볼립테 립스틱 양도해요,눈에 띄는 흔적 없음,31900,대구 수성구,2026-06-06
1535,생활·레저,삼천리 하이브리드 자전거,삼천리 하이브리드 자전거 팝니다 (쿨거래시 네고),눈에 띄는 흔적 없음,142000,경기 용인시,2026-05-31
1233,전자기기,아이패드 에어 5,아이패드 에어 5 512GB 팝니다,사용감 있음,422000,대전 유성구,2026-05-31
1583,화장품·향수,디올 소바쥬 오 드 뚜왈렛 100ml,디올 소바쥬 오 드 뚜왈렛 100ml 잔량 90%+ 정리합니다,사용감 거의 없음,103000,인천 부평구,2026-06-10
1265,전자기기,맥북 에어 M2,맥북 에어 M2 판매합니다,눈에 띄는 흔적 없음,998000,부산 해운대구,2026-06-16
1130,전자기기,갤럭시 Z플립5,갤럭시 Z플립5 256GB 정리합니다 (급처),사용감 있음,528000,서울 강남구,2026-05-03
1979,명품,셀린느 트리오페백,셀린느 트리오페백 감정 가능 정리합니다,사용감 거의 없음,2600000,서울 노원구,2026-05-18
1763,화장품·향수,톰포드 립스틱,톰포드 립스틱 정리합니다,눈에 띄는 흔적 없음,49500,부산 해운대구,2026-05-08
1131,전자기기,갤럭시 Z플립5,갤럭시 Z플립5 128GB 미개봉급 정리합니다 (쿨거래시 네고),사용감 거의 없음,654000,인천 부평구,2026-05-13
1602,화장품·향수,디올 어딕트 립 글로우,디올 어딕트 립 글로우 판매해요,눈에 띄는 흔적 없음,36900,부산 해운대구,2026-05-12
1066,전자기기,아이폰 15,아이폰 15 512GB 팝니다,사용감 있음,712000,경기 수원시,2026-05-21
1179,전자기기,에어팟 4,에어팟 4 팝니다 (에누리가능),눈에 띄는 흔적 없음,127000,서울 강서구,2026-06-02
1578,화장품·향수,디올 소바쥬 오 드 뚜왈렛 100ml,디올 소바쥬 오 드 뚜왈렛 100ml 선물받은 새것 양도해요,사용감 거의 없음,95800,경기 수원시,2026-05-06
1617,화장품·향수,디올 어딕트 립 글로우,디올 어딕트 립 글로우 양도해요,사용감 심함,22500,부산 해운대구,2026-06-05
1915,명품,에르메스 가든파티 36,에르메스 가든파티 36 정품 영수증 有 판매합니다,사용감 심함,1800000,부산 해운대구,2026-05-28
1869,명품,샤넬 클래식 미디움 플랩백,샤넬 클래식 미디움 플랩백 더스트백 포함 판매합니다,눈에 띄는 흔적 없음,8970000,서울 강서구,2026-05-07
1579,화장품·향수,디올 소바쥬 오 드 뚜왈렛 100ml,디올 소바쥬 오 드 뚜왈렛 100ml 정리합니다,사용감 있음,76200,인천 부평구,2026-05-30
1937,명품,프라다 사피아노 토트백,프라다 사피아노 토트백 판매합니다,눈에 띄는 흔적 없음,1690000,경기 용인시,2026-05-18
1675,화장품·향수,설화수 자음생크림,설화수 자음생크림 정리합니다,사용감 있음,98500,서울 마포구,2026-05-09
1198,전자기기,갤럭시 버즈3,갤럭시 버즈3 내놓아요,사용감 심함,68100,부산 해운대구,2026-05-23
1565,화장품·향수,조 말론 우드세이지 앤 씨솔트 100ml,조 말론 우드세이지 앤 씨솔트 100ml 판매해요,사용감 있음,116000,부산 해운대구,2026-06-11
2083,명품,티파니 1837 목걸이,티파니 1837 목걸이 보증서 O 양도합니다,사용감 있음,416000,광주 서구,2026-05-09
1830,화장품·향수,랑콤 제니피끄 세럼 50ml,랑콤 제니피끄 세럼 50ml 판매해요,눈에 띄는 흔적 없음,87700,광주 서구,2026-05-31
1981,명품,셀린느 트리오페백,셀린느 트리오페백 풀구성 양도합니다,눈에 띄는 흔적 없음,2080000,경기 안성시,2026-05-04
1582,화장품·향수,디올 소바쥬 오 드 뚜왈렛 100ml,디올 소바쥬 오 드 뚜왈렛 100ml 판매해요,사용감 있음,80500,경기 고양시,2026-05-05
1284,전자기기,애플워치 SE 2세대,애플워치 SE 2세대 팝니다 (쿨거래시 네고),사용감 있음,197000,부산 해운대구,2026-05-25
1113,전자기기,갤럭시 S24,갤럭시 S24 256GB 정리합니다,사용감 있음,614000,경기 용인시,2026-05-31
1405,가전,발뮤다 토스터,발뮤다 토스터 팝니다,눈에 띄는 흔적 없음,185000,경기 용인시,2026-05-26
1653,화장품·향수,맥 립스틱 루비우,맥 립스틱 루비우 판매해요,눈에 띄는 흔적 없음,16600,인천 부평구,2026-05-02
1200,전자기기,갤럭시 버즈3,갤럭시 버즈3 내놓아요 (택포),눈에 띄는 흔적 없음,104000,광주 서구,2026-05-29
1007,전자기기,아이폰 13,아이폰 13 512GB 팝니다,사용감 있음,400000,경기 성남시,2026-06-12
1214,전자기기,아이패드 9세대,아이패드 9세대 128GB 미개봉급 팝니다 (쿨거래시 네고),미사용,256000,서울 강서구,2026-06-06
1620,화장품·향수,디올 어딕트 립 글로우,디올 어딕트 립 글로우 1~2회 사용 양도해요,사용감 거의 없음,40500,경기 안성시,2026-05-26
1723,화장품·향수,SK-II 페이셜 트리트먼트 에센스 230ml,SK-II 페이셜 트리트먼트 에센스 230ml 정리합니다,눈에 띄는 흔적 없음,146000,서울 송파구,2026-05-19
1885,명품,구찌 마몽 숄더백,구찌 마몽 숄더백 더스트백 포함 정리합니다,사용감 심함,949000,부산 해운대구,2026-05-14
2022,명품,발렌시아가 시티백,발렌시아가 시티백 풀구성 판매합니다,미사용,1030000,부산 해운대구,2026-05-20
1844,명품,루이비통 네버풀 MM,루이비통 네버풀 MM 보증서 O 양도합니다,눈에 띄는 흔적 없음,1520000,경기 성남시,2026-05-25
1037,전자기기,아이폰 14,아이폰 14 512GB 미개봉급 판매합니다,사용감 거의 없음,629000,대구 수성구,2026-05-13
2039,명품,롤렉스 데이트저스트 36,롤렉스 데이트저스트 36 보증서 O 정리합니다,사용감 심함,6950000,서울 강남구,2026-06-01
1505,생활·레저,스탠리 텀블러,스탠리 텀블러 내놓아요,눈에 띄는 흔적 없음,24000,서울 강서구,2026-05-02
2004,명품,발렌시아가 시티백,발렌시아가 시티백 감정 가능 판매합니다,사용감 거의 없음,998000,경기 수원시,2026-05-27
1848,명품,루이비통 네버풀 MM,루이비통 네버풀 MM 양도합니다,눈에 띄는 흔적 없음,1650000,경기 수원시,2026-05-03
1735,화장품·향수,입생로랑 루쥬 볼립테 립스틱,입생로랑 루쥬 볼립테 립스틱 양도해요,눈에 띄는 흔적 없음,31300,인천 부평구,2026-06-01
1827,화장품·향수,랑콤 제니피끄 세럼 50ml,랑콤 제니피끄 세럼 50ml 판매해요,눈에 띄는 흔적 없음,92700,부산 해운대구,2026-05-13
1310,전자기기,닌텐도 스위치 OLED,닌텐도 스위치 OLED 내놓아요,사용감 있음,247000,경기 고양시,2026-05-28
1640,화장품·향수,에스티로더 더블웨어 파운데이션,에스티로더 더블웨어 파운데이션 1~2회 사용 양도해요,미사용,53900,부산 해운대구,2026-06-08
2044,명품,롤렉스 데이트저스트 36,롤렉스 데이트저스트 36 감정 가능 판매합니다,사용감 있음,7940000,인천 부평구,2026-05-09
1872,명품,샤넬 클래식 미디움 플랩백,샤넬 클래식 미디움 플랩백 더스트백 포함 정리합니다,눈에 띄는 흔적 없음,9150000,부산 해운대구,2026-05-03
2065,명품,까르띠에 러브링,까르띠에 러브링 정품 판매합니다,눈에 띄는 흔적 없음,1980000,서울 노원구,2026-05-19
1196,전자기기,갤럭시 버즈3,갤럭시 버즈3 미개봉급 정리합니다 (직거래 환영),사용감 거의 없음,95200,경기 수원시,2026-05-15
1946,명품,디올 레이디백 미디움,디올 레이디백 미디움 정품 영수증 有 판매합니다,미사용,5090000,경기 고양시,2026-05-29
1726,화장품·향수,SK-II 페이셜 트리트먼트 에센스 230ml,SK-II 페이셜 트리트먼트 에센스 230ml 정리합니다,눈에 띄는 흔적 없음,142000,서울 마포구,2026-05-13
1949,명품,디올 레이디백 미디움,디올 레이디백 미디움 정품 정리합니다,눈에 띄는 흔적 없음,4470000,서울 송파구,2026-05-27
1287,전자기기,애플워치 SE 2세대,애플워치 SE 2세대 미개봉급 판매합니다,미사용,257000,광주 서구,2026-05-18
1776,화장품·향수,톰포드 립스틱,톰포드 립스틱 정리합니다,눈에 띄는 흔적 없음,45800,경기 용인시,2026-05-28
1020,전자기기,아이폰 13,아이폰 13 128GB 내놓아요 (택포),사용감 심함,333000,부산 해운대구,2026-05-03
1760,화장품·향수,톰포드 립스틱,톰포드 립스틱 정리합니다,눈에 띄는 흔적 없음,50200,경기 고양시,2026-06-10
1226,전자기기,아이패드 9세대,아이패드 9세대 256GB 미개봉급 판매합니다 (쿨거래시 네고),사용감 거의 없음,235000,대구 수성구,2026-05-24
1891,명품,구찌 마몽 숄더백,구찌 마몽 숄더백 정품 양도합니다,사용감 있음,1050000,부산 해운대구,2026-05-11
1870,명품,샤넬 클래식 미디움 플랩백,샤넬 클래식 미디움 플랩백 정품 영수증 有 양도합니다,눈에 띄는 흔적 없음,8750000,인천 부평구,2026-06-11
1197,전자기기,갤럭시 버즈3,갤럭시 버즈3 내놓아요 (택포),눈에 띄는 흔적 없음,101000,인천 부평구,2026-05-26
1379,가전,다이슨 청소기 V11,다이슨 청소기 V11 내놓아요,사용감 있음,215000,경기 고양시,2026-06-02
1473,생활·레저,헬리녹스 체어원,헬리녹스 체어원 판매합니다,눈에 띄는 흔적 없음,92900,대전 유성구,2026-05-21
1127,전자기기,갤럭시 S24,갤럭시 S24 512GB 정리합니다,사용감 심함,424000,서울 노원구,2026-05-04
1008,전자기기,아이폰 13,아이폰 13 512GB 거의새것 팝니다,사용감 거의 없음,480000,경기 용인시,2026-05-07
1886,명품,구찌 마몽 숄더백,구찌 마몽 숄더백 풀구성 정리합니다,사용감 있음,1070000,경기 성남시,2026-06-01
1831,화장품·향수,랑콤 제니피끄 세럼 50ml,랑콤 제니피끄 세럼 50ml 판매해요,눈에 띄는 흔적 없음,75200,경기 수원시,2026-05-08
1786,화장품·향수,나스 래디언트 크리미 컨실러,나스 래디언트 크리미 컨실러 1~2회 사용 판매해요,사용감 거의 없음,26400,서울 송파구,2026-06-09
1950,명품,디올 레이디백 미디움,디올 레이디백 미디움 풀구성 판매합니다,눈에 띄는 흔적 없음,4430000,인천 부평구,2026-06-14
2088,명품,티파니 1837 목걸이,티파니 1837 목걸이 풀구성 판매합니다,사용감 있음,421000,서울 송파구,2026-05-16
1396,가전,발뮤다 토스터,발뮤다 토스터 정리합니다 (직거래 환영),눈에 띄는 흔적 없음,183000,광주 서구,2026-05-30
1366,전자기기,로지텍 MX 마스터 3,로지텍 MX 마스터 3 내놓아요 (급처),눈에 띄는 흔적 없음,67000,경기 수원시,2026-05-13
1615,화장품·향수,디올 어딕트 립 글로우,디올 어딕트 립 글로우 미개봉 정리합니다,사용감 거의 없음,35700,경기 수원시,2026-06-02
1847,명품,루이비통 네버풀 MM,루이비통 네버풀 MM 감정 가능 판매합니다,사용감 심함,1100000,광주 서구,2026-05-31
1385,가전,다이슨 청소기 V11,다이슨 청소기 V11 S급 팝니다 (에누리가능),미사용,361000,부산 해운대구,2026-05-10
1965,명품,셀린느 트리오페백,셀린느 트리오페백 풀구성 양도합니다,사용감 있음,1910000,부산 해운대구,2026-06-06
1361,전자기기,로지텍 MX 마스터 3,로지텍 MX 마스터 3 팝니다,사용감 심함,52000,대전 유성구,2026-06-09
1126,전자기기,갤럭시 S24,갤럭시 S24 512GB 내놓아요,사용감 심함,489000,부산 해운대구,2026-05-29
1890,명품,구찌 마몽 숄더백,구찌 마몽 숄더백 정품 판매합니다,눈에 띄는 흔적 없음,1250000,부산 해운대구,2026-06-01
1455,가전,삼성 비스포크 큐브 냉장고,삼성 비스포크 큐브 냉장고 내놓아요,사용감 있음,230000,경기 용인시,2026-05-15
1687,화장품·향수,헤라 블랙쿠션,헤라 블랙쿠션 선물받은 새것 판매해요,미사용,38300,서울 강서구,2026-06-15
1835,명품,루이비통 네버풀 MM,루이비통 네버풀 MM 판매합니다,미사용,1940000,경기 용인시,2026-05-09
1852,명품,루이비통 네버풀 MM,루이비통 네버풀 MM 정품 양도합니다,사용감 거의 없음,1510000,서울 송파구,2026-05-31
1031,전자기기,아이폰 14,아이폰 14 128GB 판매합니다,사용감 심함,418000,대구 수성구,2026-05-27
1881,명품,구찌 마몽 숄더백,구찌 마몽 숄더백 정품 영수증 有 양도합니다,사용감 거의 없음,1410000,서울 송파구,2026-05-20
1079,전자기기,아이폰 15,아이폰 15 512GB 정리합니다 (에누리가능),사용감 심함,515000,경기 용인시,2026-05-18
2040,명품,롤렉스 데이트저스트 36,롤렉스 데이트저스트 36 정품 양도합니다,눈에 띄는 흔적 없음,10630000,광주 서구,2026-05-15
1664,화장품·향수,설화수 자음생크림,설화수 자음생크림 정리합니다,사용감 있음,108000,경기 성남시,2026-05-19
1806,화장품·향수,나스 래디언트 크리미 컨실러,나스 래디언트 크리미 컨실러 양도해요,눈에 띄는 흔적 없음,26100,부산 해운대구,2026-05-23
1083,전자기기,아이폰 15,아이폰 15 512GB 미개봉급 정리합니다,사용감 거의 없음,836000,경기 안성시,2026-05-05
1551,화장품·향수,샤넬 No.5 오 드 퍼퓸 100ml,샤넬 No.5 오 드 퍼퓸 100ml 정품 백화점 구매 양도해요,사용감 거의 없음,143000,서울 강남구,2026-06-07
1402,가전,발뮤다 토스터,발뮤다 토스터 미개봉급 판매합니다,사용감 거의 없음,187000,경기 안성시,2026-05-03
1780,화장품·향수,나스 래디언트 크리미 컨실러,나스 래디언트 크리미 컨실러 양도해요,눈에 띄는 흔적 없음,23900,서울 노원구,2026-05-14
1500,생활·레저,스탠리 텀블러,스탠리 텀블러 거의새것 정리합니다,사용감 거의 없음,27300,부산 해운대구,2026-06-13
1720,화장품·향수,SK-II 페이셜 트리트먼트 에센스 230ml,SK-II 페이셜 트리트먼트 에센스 230ml 선물받은 새것 양도해요,미사용,171000,경기 성남시,2026-06-15
1713,화장품·향수,SK-II 페이셜 트리트먼트 에센스 230ml,SK-II 페이셜 트리트먼트 에센스 230ml 판매해요,사용감 있음,124000,인천 부평구,2026-06-16
1925,명품,에르메스 가든파티 36,에르메스 가든파티 36 정품 영수증 有 정리합니다,눈에 띄는 흔적 없음,2990000,부산 해운대구,2026-05-10
1423,가전,LG 스타일러,LG 스타일러 정리합니다,눈에 띄는 흔적 없음,659000,경기 수원시,2026-05-17
1177,전자기기,에어팟 4,에어팟 4 팝니다,사용감 있음,96200,서울 노원구,2026-06-06
1688,화장품·향수,헤라 블랙쿠션,헤라 블랙쿠션 미개봉 정리합니다,사용감 거의 없음,36800,경기 용인시,2026-05-27
1009,전자기기,아이폰 13,아이폰 13 256GB 내놓아요 (쿨거래시 네고),사용감 있음,356000,서울 강서구,2026-05-27
1004,전자기기,아이폰 13,아이폰 13 512GB 내놓아요,눈에 띄는 흔적 없음,424000,대전 유성구,2026-06-11
1487,생활·레저,스탠리 텀블러,스탠리 텀블러 정리합니다 (에누리가능),사용감 있음,19900,서울 송파구,2026-06-01
1623,화장품·향수,에스티로더 더블웨어 파운데이션,에스티로더 더블웨어 파운데이션 정리합니다,눈에 띄는 흔적 없음,49300,대구 수성구,2026-05-27
1002,전자기기,아이폰 13,아이폰 13 256GB 내놓아요 (직거래 환영),사용감 있음,352000,서울 노원구,2026-05-03
1661,화장품·향수,맥 립스틱 루비우,맥 립스틱 루비우 미개봉 정리합니다,사용감 거의 없음,20600,대전 유성구,2026-05-16
1136,전자기기,갤럭시 Z플립5,갤럭시 Z플립5 512GB 판매합니다 (직거래 환영),눈에 띄는 흔적 없음,640000,서울 송파구,2026-06-07
1708,화장품·향수,SK-II 페이셜 트리트먼트 에센스 230ml,SK-II 페이셜 트리트먼트 에센스 230ml 미개봉 양도해요,사용감 거의 없음,167000,경기 고양시,2026-05-29
1016,전자기기,아이폰 13,아이폰 13 128GB 팝니다 (직거래 환영),사용감 있음,372000,대구 수성구,2026-05-09
1336,전자기기,플레이스테이션 5,플레이스테이션 5 미개봉급 정리합니다,사용감 거의 없음,503000,서울 마포구,2026-06-06
1613,화장품·향수,디올 어딕트 립 글로우,디올 어딕트 립 글로우 양도해요,눈에 띄는 흔적 없음,36100,경기 성남시,2026-05-16
1470,생활·레저,헬리녹스 체어원,헬리녹스 체어원 거의새것 판매합니다,미사용,114000,서울 강남구,2026-05-13
1921,명품,에르메스 가든파티 36,에르메스 가든파티 36 정품 영수증 有 정리합니다,사용감 거의 없음,3180000,서울 마포구,2026-05-21
1349,전자기기,플레이스테이션 5,플레이스테이션 5 판매합니다 (에누리가능),눈에 띄는 흔적 없음,453000,서울 강남구,2026-05-26
1329,전자기기,플레이스테이션 5,플레이스테이션 5 미개봉급 내놓아요,사용감 거의 없음,513000,대전 유성구,2026-06-09
1678,화장품·향수,설화수 자음생크림,설화수 자음생크림 판매해요,사용감 있음,77700,경기 성남시,2026-05-28
1973,명품,셀린느 트리오페백,셀린느 트리오페백 정품 정리합니다,눈에 띄는 흔적 없음,2170000,경기 성남시,2026-05-16
1953,명품,디올 레이디백 미디움,디올 레이디백 미디움 감정 가능 정리합니다,미사용,5530000,서울 마포구,2026-05-22
1463,생활·레저,헬리녹스 체어원,헬리녹스 체어원 판매합니다 (에누리가능),사용감 있음,72700,광주 서구,2026-05-16
1724,화장품·향수,SK-II 페이셜 트리트먼트 에센스 230ml,SK-II 페이셜 트리트먼트 에센스 230ml 잔량 90%+ 양도해요,사용감 거의 없음,153000,경기 고양시,2026-06-04
2020,명품,발렌시아가 시티백,발렌시아가 시티백 풀구성 판매합니다,사용감 있음,740000,대구 수성구,2026-06-06
1267,전자기기,맥북 에어 M2,맥북 에어 M2 S급 정리합니다,사용감 거의 없음,1120000,서울 강서구,2026-06-09
1650,화장품·향수,맥 립스틱 루비우,맥 립스틱 루비우 1~2회 사용 양도해요,미사용,20400,경기 고양시,2026-05-16
1350,전자기기,플레이스테이션 5,플레이스테이션 5 미개봉급 팝니다,사용감 거의 없음,557000,서울 강서구,2026-06-16
1698,화장품·향수,헤라 블랙쿠션,헤라 블랙쿠션 정리합니다,사용감 있음,32700,대구 수성구,2026-05-09
1905,명품,에르메스 가든파티 36,에르메스 가든파티 36 보증서 O 양도합니다,사용감 심함,1970000,대전 유성구,2026-05-26
2013,명품,발렌시아가 시티백,발렌시아가 시티백 보증서 O 정리합니다,눈에 띄는 흔적 없음,933000,인천 부평구,2026-05-17
1821,화장품·향수,랑콤 제니피끄 세럼 50ml,랑콤 제니피끄 세럼 50ml 양도해요,눈에 띄는 흔적 없음,85800,경기 용인시,2026-05-11
2019,명품,발렌시아가 시티백,발렌시아가 시티백 보증서 O 정리합니다,사용감 있음,819000,경기 용인시,2026-05-20
1625,화장품·향수,에스티로더 더블웨어 파운데이션,에스티로더 더블웨어 파운데이션 양도해요,눈에 띄는 흔적 없음,49100,인천 부평구,2026-05-07
1215,전자기기,아이패드 9세대,아이패드 9세대 256GB S급 내놓아요,사용감 거의 없음,232000,서울 마포구,2026-05-12
1442,가전,삼성 비스포크 큐브 냉장고,삼성 비스포크 큐브 냉장고 미개봉급 내놓아요,미사용,223000,대구 수성구,2026-06-04
1899,명품,에르메스 가든파티 36,에르메스 가든파티 36 정품 영수증 有 판매합니다,눈에 띄는 흔적 없음,2600000,부산 해운대구,2026-05-19
1286,전자기기,애플워치 SE 2세대,애플워치 SE 2세대 팝니다,사용감 심함,163000,경기 성남시,2026-05-21
1569,화장품·향수,조 말론 우드세이지 앤 씨솔트 100ml,조 말론 우드세이지 앤 씨솔트 100ml 정리합니다,눈에 띄는 흔적 없음,102000,인천 부평구,2026-05-15
1742,화장품·향수,입생로랑 루쥬 볼립테 립스틱,입생로랑 루쥬 볼립테 립스틱 선물받은 새것 판매해요,미사용,35800,인천 부평구,2026-05-10
1143,전자기기,갤럭시 Z플립5,갤럭시 Z플립5 512GB 팝니다 (직거래 환영),눈에 띄는 흔적 없음,638000,인천 부평구,2026-05-06
1850,명품,루이비통 네버풀 MM,루이비통 네버풀 MM 더스트백 포함 정리합니다,사용감 거의 없음,1620000,부산 해운대구,2026-06-04
1125,전자기기,갤럭시 S24,갤럭시 S24 512GB 거의새것 내놓아요,사용감 거의 없음,757000,경기 수원시,2026-05-24
1715,화장품·향수,SK-II 페이셜 트리트먼트 에센스 230ml,SK-II 페이셜 트리트먼트 에센스 230ml 선물받은 새것 정리합니다,사용감 거의 없음,175000,서울 마포구,2026-05-23
1404,가전,발뮤다 토스터,발뮤다 토스터 판매합니다,눈에 띄는 흔적 없음,169000,서울 강남구,2026-06-02
1091,전자기기,갤럭시 S23,갤럭시 S23 128GB 정리합니다,눈에 띄는 흔적 없음,448000,부산 해운대구,2026-05-08
1307,전자기기,애플워치 SE 2세대,애플워치 SE 2세대 미개봉급 내놓아요,사용감 거의 없음,235000,서울 마포구,2026-05-30
1071,전자기기,아이폰 15,아이폰 15 128GB 판매합니다,사용감 심함,521000,경기 성남시,2026-05-06
1576,화장품·향수,디올 소바쥬 오 드 뚜왈렛 100ml,디올 소바쥬 오 드 뚜왈렛 100ml 정리합니다,사용감 있음,76000,서울 노원구,2026-05-02
1546,화장품·향수,샤넬 No.5 오 드 퍼퓸 100ml,샤넬 No.5 오 드 퍼퓸 100ml 잔량 90%+ 판매해요,미사용,157000,대구 수성구,2026-05-10
1756,화장품·향수,톰포드 립스틱,톰포드 립스틱 선물받은 새것 판매해요,사용감 거의 없음,53900,부산 해운대구,2026-05-11
1165,전자기기,에어팟 프로 2,에어팟 프로 2 미개봉급 내놓아요,사용감 거의 없음,194000,경기 안성시,2026-05-07
1046,전자기기,아이폰 14,아이폰 14 256GB 내놓아요 (직거래 환영),눈에 띄는 흔적 없음,556000,경기 성남시,2026-06-04
1288,전자기기,애플워치 SE 2세대,애플워치 SE 2세대 판매합니다,사용감 심함,170000,인천 부평구,2026-06-15
1522,생활·레저,삼천리 하이브리드 자전거,삼천리 하이브리드 자전거 정리합니다,사용감 있음,139000,서울 마포구,2026-05-27
1860,명품,샤넬 클래식 미디움 플랩백,샤넬 클래식 미디움 플랩백 판매합니다,눈에 띄는 흔적 없음,9270000,서울 강남구,2026-05-19
1599,화장품·향수,디올 소바쥬 오 드 뚜왈렛 100ml,디올 소바쥬 오 드 뚜왈렛 100ml 양도해요,눈에 띄는 흔적 없음,90300,서울 마포구,2026-06-15
1217,전자기기,아이패드 9세대,아이패드 9세대 512GB 미개봉급 팝니다,미사용,292000,인천 부평구,2026-05-06
1647,화장품·향수,맥 립스틱 루비우,맥 립스틱 루비우 선물받은 새것 양도해요,사용감 거의 없음,20100,경기 성남시,2026-05-30
1862,명품,샤넬 클래식 미디움 플랩백,샤넬 클래식 미디움 플랩백 더스트백 포함 판매합니다,눈에 띄는 흔적 없음,9900000,서울 강남구,2026-06-07
1359,전자기기,로지텍 MX 마스터 3,로지텍 MX 마스터 3 판매합니다,눈에 띄는 흔적 없음,72000,광주 서구,2026-05-03
1389,가전,다이슨 청소기 V11,다이슨 청소기 V11 팝니다 (급처),사용감 심함,234000,서울 노원구,2026-05-12
2062,명품,까르띠에 러브링,까르띠에 러브링 정품 영수증 有 판매합니다,사용감 심함,1270000,서울 노원구,2026-05-04
1859,명품,샤넬 클래식 미디움 플랩백,샤넬 클래식 미디움 플랩백 풀구성 판매합니다,사용감 있음,7630000,서울 노원구,2026-05-10
1256,전자기기,맥북 에어 M2,맥북 에어 M2 팝니다,눈에 띄는 흔적 없음,994000,광주 서구,2026-05-13
1612,화장품·향수,디올 어딕트 립 글로우,디올 어딕트 립 글로우 판매해요,눈에 띄는 흔적 없음,37600,경기 수원시,2026-05-31
1279,전자기기,애플워치 SE 2세대,애플워치 SE 2세대 내놓아요,눈에 띄는 흔적 없음,220000,인천 부평구,2026-05-12
1493,생활·레저,스탠리 텀블러,스탠리 텀블러 팝니다,눈에 띄는 흔적 없음,25800,부산 해운대구,2026-05-15
1943,명품,프라다 사피아노 토트백,프라다 사피아노 토트백 더스트백 포함 판매합니다,사용감 있음,1440000,광주 서구,2026-06-03
1955,명품,디올 레이디백 미디움,디올 레이디백 미디움 풀구성 정리합니다,사용감 심함,3000000,부산 해운대구,2026-05-22
1061,전자기기,아이폰 15,아이폰 15 256GB 팝니다,눈에 띄는 흔적 없음,740000,경기 수원시,2026-05-19
1000,전자기기,아이폰 13,아이폰 13 512GB S급 판매합니다,사용감 거의 없음,512000,서울 강남구,2026-06-08
1171,전자기기,에어팟 4,에어팟 4 내놓아요 (급처),눈에 띄는 흔적 없음,118000,대구 수성구,2026-05-07
1668,화장품·향수,설화수 자음생크림,설화수 자음생크림 선물받은 새것 양도해요,미사용,134000,부산 해운대구,2026-05-31
1296,전자기기,애플워치 SE 2세대,애플워치 SE 2세대 정리합니다,사용감 심함,160000,경기 수원시,2026-05-02
1635,화장품·향수,에스티로더 더블웨어 파운데이션,에스티로더 더블웨어 파운데이션 양도해요,사용감 있음,41100,경기 용인시,2026-05-17
2059,명품,까르띠에 러브링,까르띠에 러브링 풀구성 판매합니다,눈에 띄는 흔적 없음,1890000,대전 유성구,2026-05-06
2012,명품,발렌시아가 시티백,발렌시아가 시티백 풀구성 판매합니다,눈에 띄는 흔적 없음,852000,경기 안성시,2026-05-31
1832,화장품·향수,랑콤 제니피끄 세럼 50ml,랑콤 제니피끄 세럼 50ml 양도해요,눈에 띄는 흔적 없음,84900,서울 송파구,2026-05-30
1001,전자기기,아이폰 13,아이폰 13 512GB S급 정리합니다 (쿨거래시 네고),미사용,509000,경기 수원시,2026-06-15
1042,전자기기,아이폰 14,아이폰 14 128GB S급 내놓아요 (급처),미사용,698000,서울 강서구,2026-05-20
1462,생활·레저,헬리녹스 체어원,헬리녹스 체어원 거의새것 판매합니다 (택포),미사용,104000,경기 성남시,2026-05-27
1992,명품,생로랑 루루백,생로랑 루루백 판매합니다,눈에 띄는 흔적 없음,1710000,경기 안성시,2026-05-30
1933,명품,프라다 사피아노 토트백,프라다 사피아노 토트백 정리합니다,미사용,1990000,서울 노원구,2026-05-27
1433,가전,LG 스타일러,LG 스타일러 정리합니다 (직거래 환영),눈에 띄는 흔적 없음,754000,서울 송파구,2026-05-08
1550,화장품·향수,샤넬 No.5 오 드 퍼퓸 100ml,샤넬 No.5 오 드 퍼퓸 100ml 판매해요,사용감 심함,97000,부산 해운대구,2026-05-15
1251,전자기기,맥북 에어 M2,맥북 에어 M2 팝니다,눈에 띄는 흔적 없음,930000,부산 해운대구,2026-06-10
1800,화장품·향수,나스 래디언트 크리미 컨실러,나스 래디언트 크리미 컨실러 양도해요,눈에 띄는 흔적 없음,23300,대전 유성구,2026-05-18
1172,전자기기,에어팟 4,에어팟 4 팝니다 (쿨거래시 네고),사용감 있음,99100,광주 서구,2026-05-05
1553,화장품·향수,조 말론 우드세이지 앤 씨솔트 100ml,조 말론 우드세이지 앤 씨솔트 100ml 정품 백화점 구매 판매해요,사용감 거의 없음,152000,서울 강남구,2026-05-17
1382,가전,다이슨 청소기 V11,다이슨 청소기 V11 판매합니다,사용감 있음,270000,대구 수성구,2026-05-18
1145,전자기기,갤럭시 Z플립5,갤럭시 Z플립5 128GB 판매합니다 (택포),사용감 심함,426000,서울 노원구,2026-06-11
1801,화장품·향수,나스 래디언트 크리미 컨실러,나스 래디언트 크리미 컨실러 양도해요,눈에 띄는 흔적 없음,25800,서울 마포구,2026-05-17
1208,전자기기,아이패드 9세대,아이패드 9세대 256GB 거의새것 내놓아요,사용감 거의 없음,260000,대구 수성구,2026-05-04
1512,생활·레저,삼천리 하이브리드 자전거,삼천리 하이브리드 자전거 내놓아요,사용감 있음,139000,서울 강남구,2026-05-04
1651,화장품·향수,맥 립스틱 루비우,맥 립스틱 루비우 판매해요,사용감 있음,15000,경기 수원시,2026-06-07
1866,명품,샤넬 클래식 미디움 플랩백,샤넬 클래식 미디움 플랩백 감정 가능 정리합니다,사용감 있음,8860000,대구 수성구,2026-05-27
1085,전자기기,갤럭시 S23,갤럭시 S23 128GB S급 팝니다,사용감 거의 없음,458000,경기 수원시,2026-05-03
1456,생활·레저,헬리녹스 체어원,헬리녹스 체어원 내놓아요,사용감 있음,72900,대구 수성구,2026-06-08
2010,명품,발렌시아가 시티백,발렌시아가 시티백 풀구성 양도합니다,사용감 거의 없음,930000,서울 송파구,2026-05-30
1581,화장품·향수,디올 소바쥬 오 드 뚜왈렛 100ml,디올 소바쥬 오 드 뚜왈렛 100ml 양도해요,눈에 띄는 흔적 없음,90600,서울 노원구,2026-05-11
1311,전자기기,닌텐도 스위치 OLED,닌텐도 스위치 OLED 미개봉급 정리합니다,사용감 거의 없음,295000,서울 노원구,2026-05-27
1128,전자기기,갤럭시 Z플립5,갤럭시 Z플립5 256GB 내놓아요,눈에 띄는 흔적 없음,531000,경기 용인시,2026-05-18
1804,화장품·향수,나스 래디언트 크리미 컨실러,나스 래디언트 크리미 컨실러 정리합니다,사용감 심함,17400,부산 해운대구,2026-05-10
1667,화장품·향수,설화수 자음생크림,설화수 자음생크림 정리합니다,눈에 띄는 흔적 없음,117000,서울 송파구,2026-05-09
2089,명품,티파니 1837 목걸이,티파니 1837 목걸이 정품 영수증 有 판매합니다,눈에 띄는 흔적 없음,453000,경기 고양시,2026-05-02
1781,화장품·향수,나스 래디언트 크리미 컨실러,나스 래디언트 크리미 컨실러 정리합니다,눈에 띄는 흔적 없음,26500,서울 송파구,2026-05-14
1252,전자기기,맥북 에어 M2,맥북 에어 M2 정리합니다,눈에 띄는 흔적 없음,916000,경기 안성시,2026-06-01
1103,전자기기,갤럭시 S23,갤럭시 S23 256GB 정리합니다,눈에 띄는 흔적 없음,418000,경기 성남시,2026-05-08
1691,화장품·향수,헤라 블랙쿠션,헤라 블랙쿠션 잔량 90%+ 정리합니다,사용감 거의 없음,36800,서울 마포구,2026-05-11
1600,화장품·향수,디올 소바쥬 오 드 뚜왈렛 100ml,디올 소바쥬 오 드 뚜왈렛 100ml 잔량 90%+ 양도해요,사용감 거의 없음,96100,인천 부평구,2026-06-02
1986,명품,생로랑 루루백,생로랑 루루백 보증서 O 판매합니다,사용감 심함,1010000,서울 강서구,2026-06-11
1567,화장품·향수,조 말론 우드세이지 앤 씨솔트 100ml,조 말론 우드세이지 앤 씨솔트 100ml 선물받은 새것 양도해요,사용감 거의 없음,144000,서울 송파구,2026-05-08
2015,명품,발렌시아가 시티백,발렌시아가 시티백 정리합니다,미사용,1160000,서울 노원구,2026-05-25
1019,전자기기,아이폰 13,아이폰 13 512GB 미개봉급 팝니다 (쿨거래시 네고),미사용,561000,인천 부평구,2026-06-08
2090,명품,티파니 1837 목걸이,티파니 1837 목걸이 정품 정리합니다,사용감 거의 없음,489000,경기 용인시,2026-05-12
1935,명품,프라다 사피아노 토트백,프라다 사피아노 토트백 더스트백 포함 판매합니다,사용감 거의 없음,1680000,경기 성남시,2026-05-21
1239,전자기기,아이패드 에어 5,아이패드 에어 5 256GB S급 정리합니다,사용감 거의 없음,509000,인천 부평구,2026-05-30
1648,화장품·향수,맥 립스틱 루비우,맥 립스틱 루비우 판매해요,눈에 띄는 흔적 없음,17100,서울 마포구,2026-06-15
1417,가전,LG 스타일러,LG 스타일러 판매합니다 (에누리가능),사용감 있음,579000,서울 송파구,2026-06-10
1029,전자기기,아이폰 14,아이폰 14 256GB 내놓아요,사용감 있음,552000,서울 노원구,2026-06-16
1495,생활·레저,스탠리 텀블러,스탠리 텀블러 판매합니다 (직거래 환영),눈에 띄는 흔적 없음,26200,서울 강남구,2026-05-19
1067,전자기기,아이폰 15,아이폰 15 256GB 팝니다,눈에 띄는 흔적 없음,722000,서울 강서구,2026-05-04
1416,가전,LG 스타일러,LG 스타일러 팝니다 (급처),사용감 있음,632000,서울 노원구,2026-05-04
1566,화장품·향수,조 말론 우드세이지 앤 씨솔트 100ml,조 말론 우드세이지 앤 씨솔트 100ml 양도해요,눈에 띄는 흔적 없음,131000,대전 유성구,2026-06-02
1475,생활·레저,헬리녹스 체어원,헬리녹스 체어원 팝니다 (에누리가능),눈에 띄는 흔적 없음,86100,서울 강서구,2026-05-29
1325,전자기기,닌텐도 스위치 OLED,닌텐도 스위치 OLED 팝니다 (에누리가능),사용감 심함,201000,부산 해운대구,2026-05-12
1062,전자기기,아이폰 15,아이폰 15 256GB 판매합니다,사용감 있음,672000,경기 성남시,2026-05-30
1275,전자기기,맥북 에어 M2,맥북 에어 M2 판매합니다,눈에 띄는 흔적 없음,940000,경기 용인시,2026-05-26
1117,전자기기,갤럭시 S24,갤럭시 S24 512GB 팝니다 (급처),눈에 띄는 흔적 없음,658000,대전 유성구,2026-05-21
1972,명품,셀린느 트리오페백,셀린느 트리오페백 감정 가능 양도합니다,사용감 있음,1750000,서울 송파구,2026-05-26
2082,명품,티파니 1837 목걸이,티파니 1837 목걸이 정리합니다,사용감 거의 없음,512000,대전 유성구,2026-06-01
1516,생활·레저,삼천리 하이브리드 자전거,삼천리 하이브리드 자전거 S급 팝니다,사용감 거의 없음,144000,대전 유성구,2026-06-07
1770,화장품·향수,톰포드 립스틱,톰포드 립스틱 정품 백화점 구매 양도해요,사용감 거의 없음,50800,서울 노원구,2026-05-04
1520,생활·레저,삼천리 하이브리드 자전거,삼천리 하이브리드 자전거 정리합니다,눈에 띄는 흔적 없음,148000,경기 용인시,2026-05-08
1504,생활·레저,스탠리 텀블러,스탠리 텀블러 미개봉급 내놓아요,사용감 거의 없음,27800,서울 강서구,2026-05-15
1484,생활·레저,스탠리 텀블러,스탠리 텀블러 정리합니다,눈에 띄는 흔적 없음,23100,서울 마포구,2026-06-08
1490,생활·레저,스탠리 텀블러,스탠리 텀블러 미개봉급 정리합니다,사용감 거의 없음,23700,서울 마포구,2026-05-06
1414,가전,발뮤다 토스터,발뮤다 토스터 거의새것 판매합니다 (에누리가능),사용감 거의 없음,181000,경기 고양시,2026-06-10
1106,전자기기,갤럭시 S23,갤럭시 S23 256GB 내놓아요 (에누리가능),사용감 심함,317000,부산 해운대구,2026-05-02
1247,전자기기,아이패드 에어 5,아이패드 에어 5 128GB 판매합니다 (쿨거래시 네고),사용감 있음,389000,서울 마포구,2026-05-29
1769,화장품·향수,톰포드 립스틱,톰포드 립스틱 선물받은 새것 판매해요,미사용,59100,경기 용인시,2026-05-11
1528,생활·레저,삼천리 하이브리드 자전거,삼천리 하이브리드 자전거 내놓아요 (에누리가능),사용감 있음,130000,광주 서구,2026-06-02
1663,화장품·향수,설화수 자음생크림,설화수 자음생크림 잔량 90%+ 양도해요,사용감 거의 없음,132000,대구 수성구,2026-05-16
1845,명품,루이비통 네버풀 MM,루이비통 네버풀 MM 정리합니다,미사용,1530000,서울 마포구,2026-06-03
1291,전자기기,애플워치 SE 2세대,애플워치 SE 2세대 팝니다,사용감 있음,183000,경기 성남시,2026-05-18
1655,화장품·향수,맥 립스틱 루비우,맥 립스틱 루비우 양도해요,사용감 있음,14300,인천 부평구,2026-06-03
1202,전자기기,아이패드 9세대,아이패드 9세대 128GB 판매합니다,사용감 심함,161000,인천 부평구,2026-05-07
1798,화장품·향수,나스 래디언트 크리미 컨실러,나스 래디언트 크리미 컨실러 1~2회 사용 양도해요,미사용,27700,대전 유성구,2026-06-06
1610,화장품·향수,디올 어딕트 립 글로우,디올 어딕트 립 글로우 정리합니다,눈에 띄는 흔적 없음,36500,대구 수성구,2026-06-09
1119,전자기기,갤럭시 S24,갤럭시 S24 256GB 팝니다 (택포),눈에 띄는 흔적 없음,686000,대전 유성구,2026-05-18
1055,전자기기,아이폰 15,아이폰 15 512GB 내놓아요 (직거래 환영),사용감 심함,558000,광주 서구,2026-05-29
1371,전자기기,로지텍 MX 마스터 3,로지텍 MX 마스터 3 판매합니다,눈에 띄는 흔적 없음,67700,대구 수성구,2026-05-07
1666,화장품·향수,설화수 자음생크림,설화수 자음생크림 정리합니다,눈에 띄는 흔적 없음,117000,서울 송파구,2026-06-04
1120,전자기기,갤럭시 S24,갤럭시 S24 256GB S급 정리합니다,사용감 거의 없음,779000,서울 마포구,2026-05-18
1346,전자기기,플레이스테이션 5,플레이스테이션 5 내놓아요,사용감 있음,440000,경기 용인시,2026-05-16
1834,명품,루이비통 네버풀 MM,루이비통 네버풀 MM 더스트백 포함 정리합니다,사용감 있음,1260000,경기 용인시,2026-05-03
1628,화장품·향수,에스티로더 더블웨어 파운데이션,에스티로더 더블웨어 파운데이션 정리합니다,사용감 있음,37100,대전 유성구,2026-05-24
1315,전자기기,닌텐도 스위치 OLED,닌텐도 스위치 OLED 팝니다 (직거래 환영),사용감 있음,248000,경기 고양시,2026-05-28
1183,전자기기,에어팟 4,에어팟 4 팝니다,눈에 띄는 흔적 없음,121000,서울 강서구,2026-06-11
1523,생활·레저,삼천리 하이브리드 자전거,삼천리 하이브리드 자전거 내놓아요,눈에 띄는 흔적 없음,153000,대구 수성구,2026-05-14
1374,전자기기,로지텍 MX 마스터 3,로지텍 MX 마스터 3 S급 정리합니다 (직거래 환영),미사용,81400,인천 부평구,2026-06-05
1294,전자기기,애플워치 SE 2세대,애플워치 SE 2세대 판매합니다 (쿨거래시 네고),사용감 있음,200000,부산 해운대구,2026-06-10
1584,화장품·향수,디올 소바쥬 오 드 뚜왈렛 100ml,디올 소바쥬 오 드 뚜왈렛 100ml 정리합니다,사용감 있음,81400,서울 강남구,2026-05-04
1344,전자기기,플레이스테이션 5,플레이스테이션 5 거의새것 내놓아요,사용감 거의 없음,556000,인천 부평구,2026-06-07
1203,전자기기,아이패드 9세대,아이패드 9세대 128GB 정리합니다 (급처),눈에 띄는 흔적 없음,245000,경기 성남시,2026-06-15
1234,전자기기,아이패드 에어 5,아이패드 에어 5 128GB 팝니다 (급처),눈에 띄는 흔적 없음,487000,경기 성남시,2026-05-23
1186,전자기기,갤럭시 버즈3,갤럭시 버즈3 거의새것 정리합니다 (급처),사용감 거의 없음,110000,서울 강서구,2026-06-08
1526,생활·레저,삼천리 하이브리드 자전거,삼천리 하이브리드 자전거 정리합니다,사용감 있음,136000,서울 마포구,2026-05-03
1782,화장품·향수,나스 래디언트 크리미 컨실러,나스 래디언트 크리미 컨실러 미개봉 판매해요,사용감 거의 없음,25000,경기 수원시,2026-05-14
1649,화장품·향수,맥 립스틱 루비우,맥 립스틱 루비우 잔량 90%+ 판매해요,사용감 거의 없음,18300,서울 송파구,2026-06-16
1049,전자기기,아이폰 14,아이폰 14 128GB 정리합니다,눈에 띄는 흔적 없음,637000,경기 성남시,2026-05-15
1849,명품,루이비통 네버풀 MM,루이비통 네버풀 MM 정품 양도합니다,사용감 거의 없음,1510000,경기 용인시,2026-05-23
1369,전자기기,로지텍 MX 마스터 3,로지텍 MX 마스터 3 거의새것 내놓아요 (직거래 환영),미사용,83400,경기 고양시,2026-05-14
1895,명품,구찌 마몽 숄더백,구찌 마몽 숄더백 정품 판매합니다,눈에 띄는 흔적 없음,1410000,인천 부평구,2026-05-04
1696,화장품·향수,헤라 블랙쿠션,헤라 블랙쿠션 선물받은 새것 판매해요,미사용,43800,경기 안성시,2026-05-28
1047,전자기기,아이폰 14,아이폰 14 256GB 미개봉급 정리합니다,미사용,676000,경기 용인시,2026-06-12
2006,명품,발렌시아가 시티백,발렌시아가 시티백 정품 정리합니다,눈에 띄는 흔적 없음,889000,광주 서구,2026-05-11
1092,전자기기,갤럭시 S23,갤럭시 S23 512GB S급 판매합니다,사용감 거의 없음,499000,경기 성남시,2026-05-11
1822,화장품·향수,랑콤 제니피끄 세럼 50ml,랑콤 제니피끄 세럼 50ml 정리합니다,사용감 있음,80200,경기 안성시,2026-05-13
1656,화장품·향수,맥 립스틱 루비우,맥 립스틱 루비우 정리합니다,사용감 있음,14900,서울 강남구,2026-05-07
1173,전자기기,에어팟 4,에어팟 4 거의새것 정리합니다 (급처),사용감 거의 없음,127000,경기 수원시,2026-05-03
1909,명품,에르메스 가든파티 36,에르메스 가든파티 36 정품 판매합니다,사용감 있음,2490000,경기 안성시,2026-06-07
1502,생활·레저,스탠리 텀블러,스탠리 텀블러 거의새것 정리합니다 (쿨거래시 네고),사용감 거의 없음,28000,서울 강서구,2026-05-27
1421,가전,LG 스타일러,LG 스타일러 S급 판매합니다 (에누리가능),사용감 거의 없음,702000,서울 마포구,2026-05-16
1563,화장품·향수,조 말론 우드세이지 앤 씨솔트 100ml,조 말론 우드세이지 앤 씨솔트 100ml 판매해요,사용감 있음,102000,경기 수원시,2026-06-13
2076,명품,티파니 1837 목걸이,티파니 1837 목걸이 풀구성 정리합니다,사용감 있음,414000,경기 성남시,2026-06-07
1368,전자기기,로지텍 MX 마스터 3,로지텍 MX 마스터 3 팝니다 (직거래 환영),눈에 띄는 흔적 없음,72100,경기 고양시,2026-05-05
1246,전자기기,아이패드 에어 5,아이패드 에어 5 128GB 판매합니다,사용감 있음,378000,인천 부평구,2026-05-21
1038,전자기기,아이폰 14,아이폰 14 256GB S급 판매합니다,사용감 거의 없음,674000,서울 송파구,2026-06-08
2029,명품,롤렉스 데이트저스트 36,롤렉스 데이트저스트 36 감정 가능 정리합니다,사용감 있음,6870000,서울 강서구,2026-05-19
1974,명품,셀린느 트리오페백,셀린느 트리오페백 정리합니다,사용감 거의 없음,2210000,경기 고양시,2026-05-22
1387,가전,다이슨 청소기 V11,다이슨 청소기 V11 거의새것 판매합니다 (택포),사용감 거의 없음,328000,서울 송파구,2026-05-02
2068,명품,티파니 1837 목걸이,티파니 1837 목걸이 더스트백 포함 양도합니다,미사용,550000,인천 부평구,2026-06-08
1108,전자기기,갤럭시 S23,갤럭시 S23 256GB 판매합니다 (택포),사용감 있음,411000,경기 용인시,2026-05-15
1394,가전,다이슨 청소기 V11,다이슨 청소기 V11 내놓아요 (직거래 환영),사용감 있음,229000,경기 수원시,2026-06-05
1174,전자기기,에어팟 4,에어팟 4 판매합니다,눈에 띄는 흔적 없음,124000,인천 부평구,2026-06-08
1253,전자기기,맥북 에어 M2,맥북 에어 M2 S급 판매합니다,사용감 거의 없음,911000,부산 해운대구,2026-05-03
1632,화장품·향수,에스티로더 더블웨어 파운데이션,에스티로더 더블웨어 파운데이션 정리합니다,눈에 띄는 흔적 없음,47600,서울 송파구,2026-05-31
1050,전자기기,아이폰 14,아이폰 14 512GB 거의새것 팝니다 (급처),사용감 거의 없음,592000,광주 서구,2026-05-13
1339,전자기기,플레이스테이션 5,플레이스테이션 5 S급 팝니다,사용감 거의 없음,557000,대전 유성구,2026-06-09
1181,전자기기,에어팟 4,에어팟 4 팝니다,눈에 띄는 흔적 없음,122000,서울 강남구,2026-06-04
1568,화장품·향수,조 말론 우드세이지 앤 씨솔트 100ml,조 말론 우드세이지 앤 씨솔트 100ml 판매해요,사용감 있음,108000,경기 성남시,2026-05-10
1907,명품,에르메스 가든파티 36,에르메스 가든파티 36 정품 판매합니다,사용감 있음,2290000,경기 안성시,2026-05-29
1093,전자기기,갤럭시 S23,갤럭시 S23 128GB 판매합니다 (에누리가능),사용감 있음,370000,부산 해운대구,2026-06-01
1694,화장품·향수,헤라 블랙쿠션,헤라 블랙쿠션 양도해요,눈에 띄는 흔적 없음,28000,인천 부평구,2026-05-25
1809,화장품·향수,랑콤 제니피끄 세럼 50ml,랑콤 제니피끄 세럼 50ml 양도해요,눈에 띄는 흔적 없음,86000,대전 유성구,2026-05-27
1476,생활·레저,헬리녹스 체어원,헬리녹스 체어원 S급 판매합니다,사용감 거의 없음,106000,경기 용인시,2026-06-16
1793,화장품·향수,나스 래디언트 크리미 컨실러,나스 래디언트 크리미 컨실러 정리합니다,사용감 있음,22600,서울 송파구,2026-05-18
1838,명품,루이비통 네버풀 MM,루이비통 네버풀 MM 감정 가능 정리합니다,눈에 띄는 흔적 없음,1510000,인천 부평구,2026-05-13
